id,source,clause,requirement,evidence,status,closure_action
R01,REG,1.11,Правила соответствующего сезона,Каталог и 9 PDF повторно проверены 01.10.2026; база XV,EXTERNAL_OPEN,"Получить ТЗ следующего сезона; XVI анонсирован, технические правила не найдены."
R02,REG,4.3.3,Допуск состава команды в СГ,Команда школьников; для СГ в положении перечислены другие категории,EXTERNAL_OPEN,Подтвердить допуск у организаторов; не заявлять регистрацию полученной.
R03,REG,3;5,"Капитан, руководитель, регистрация и этапы",Организационная структура/заявка не предъявлены,OPEN,Назначить роли и пройти регистрацию по фактическому календарю.
R04,SG,1,МГМ: масса/габарит/собственное спасение,CAD 1500 г Ø84×220; PDF 1000 г; сайт 1500 г,SOURCE_CONFLICT,Согласовать массу/габарит; разработать и проверить собственное спасение макета.
R05,SG,1;1.1.2,Высота ≥1000 м,OR04:1449.1 м штиль со справочным мотором,NUMERICAL_ONLY,"Пересчитать с реальным мотором, выступами и площадкой; подтвердить полётом."
R06,SG,1.1.1,Лимит массы носителя отсутствует,D01:6136.190 г; ограничение 1.5 кг на всю ракету снято,DESIGN_ALIGNED,Измерить массу; сохранять назначение 1.5 кг именно макету.
R07,SG,1.1.2;3.2.7,Покупной стандартный двигатель; ΣI≤3000 Н·с,Справочный K535W-REF; реальный мотор неизвестен,OPEN,Получить паспорт/кривую и согласовать двигатель; проверить импульс.
R08,SG,1.1.3,Возврат:5–10 м/с последние≥10 с,Равновесный CdA в R01; реального спасения нет,OPEN,Выпустить систему и протоколы раскрытия/спуска носителя и макета.
R09,SG,1.1.3 прим.,Особое спасение: индивидуальный допуск,Тип системы окончательно не выбран,CONDITIONAL_OPEN,Если система нестандартная — получить индивидуальный допуск.
R10,SG,1.2.1,Температура,Основной борт — концептуальная плата; схема/ПО не выпущены,OPEN,Выбрать датчики и алгоритм; определить диапазон/погрешность; провести стенд и запись.
R11,SG,1.2.1,Давление,Основной борт — концептуальная плата; схема/ПО не выпущены,OPEN,Выбрать датчики и алгоритм; определить диапазон/погрешность; провести стенд и запись.
R12,SG,1.2.1,Относительная высота,Основной борт — концептуальная плата; схема/ПО не выпущены,OPEN,Выбрать датчики и алгоритм; определить диапазон/погрешность; провести стенд и запись.
R13,SG,1.2.1,Кажущаяся скорость по 3 осям,Основной борт — концептуальная плата; схема/ПО не выпущены,OPEN,Выбрать датчики и алгоритм; определить диапазон/погрешность; провести стенд и запись.
R14,SG,1.2.1,Кажущееся ускорение по 3 осям,Основной борт — концептуальная плата; схема/ПО не выпущены,OPEN,Выбрать датчики и алгоритм; определить диапазон/погрешность; провести стенд и запись.
R15,SG,1.2.1,Горизонтальное удаление,Основной борт — концептуальная плата; схема/ПО не выпущены,OPEN,Выбрать датчики и алгоритм; определить диапазон/погрешность; провести стенд и запись.
R16,SG,1.2.2,Регистрация события: Старт,Только общая архитектура,OPEN,"Определить критерий события, временную метку, память и телеметрию; проверить на стенде."
R17,SG,1.2.2,Регистрация события: Апогей,Только общая архитектура,OPEN,"Определить критерий события, временную метку, память и телеметрию; проверить на стенде."
R18,SG,1.2.2,Регистрация события: Команда спасения,Только общая архитектура,OPEN,"Определить критерий события, временную метку, память и телеметрию; проверить на стенде."
R19,SG,1.2.2,Регистрация события: Отделение МГМ,Только общая архитектура,OPEN,"Определить критерий события, временную метку, память и телеметрию; проверить на стенде."
R20,SG,1.2.2,Регистрация события: Посадка,Только общая архитектура,OPEN,"Определить критерий события, временную метку, память и телеметрию; проверить на стенде."
R21,SG,1.2.2;3.2.6,Следующая ступень / её двигатель,D01 одноступенчатая,NOT_APPLICABLE,При смене архитектуры повторить аудит; лимит отдельной ступени 2000 Н·с.
R22,SG,1.2.3,Собственная приёмная станция,Не изготовлена,OPEN,Реализовать радиоканал и наземную станцию; проверить данные и дальность.
R23,SG,1.2.4;3.3.2,Память; инерциальная запись≥20 Гц,Массовые габариты памяти и MCU в CAD,OPEN,Выбрать аппаратную реализацию; проверить временные метки и целостность 3 ч журнала.
R24,SG,2,Как минимум одна дополнительная миссия,"M01: кассета, отдельное питание,17 программных проверок",SOFTWARE_ONLY,Закончить акустический тракт; аппаратные/поисковые испытания; согласовать зачёт.
R25,SG,3.1.1,Повторное применение:≥2 пуска,"Цифровая сборка, прототипа нет",OPEN,Выпустить ресурсные проверки и процедуру осмотра после первого пуска.
R26,SG,3.1.2,Собственный МГМ и отдельная проверка,Носимый макет моделирован; система внутри не закончена,OPEN,"Изготовить, испытать и отдельно предъявить комиссии."
R27,SG,3.1.3,Питание≥3 ч,Основной борт не выбран; для M01 есть сценарий 6 ч,OPEN,Испытать основной борт со всеми функциями; M01 не подменяет его энергетическую проверку.
R28,SG,3.1.3,Смена≤5 мин либо зарядка без разбора,Выбран путь смены; проход кассеты имеет номинальный зазор 0.2 мм,OPEN,Назначить допуски/жгут; выполнить смену питания в закрываемой сборке с таймером.
R29,SG,3.1.4,Собственная ПУ: развёртывание/устойчивость,Планируется ПУ организаторов,NOT_APPLICABLE,"Если выбрана свояПУ: ≤1h развёртывания, устойчивость и фиксация; повторить аудит."
R30,SG,3.2.1,Физическая блокировка исполнительных систем,Механизм и электрическая схема не выпущены,OPEN,Разработать блокировки; доказать невозможность преждевременного срабатывания.
R31,SG,3.2.1 прим.2,Демонстрация безопасными LED-макетами,"Предусмотрена в AS01 и R01, не проведена",OPEN,Выполнить стендовую демонстрацию по процедуре организаторов.
R32,SG,3.2.2,Металл конструкции — только крепления,Конструкционные детали GFRP/PETG; металлический крепёж; материалы условные,DESIGN_ONLY,Сверить реальный BOM и назначение металлических элементов; подтвердить материалы.
R33,SG,3.2.3,Допустимый оборот компонентов,Окончательной закупочной спецификации нет,OPEN,Проверить паспорта/происхождение выбранных компонентов в рамках допуска организаторов.
R34,SG,3.2.4,БС 84×30×18 ±1 мм;30 г; фиксация,Кассета 87×33×21; максимальный калибр 85×31×19 помещается,DIGITAL_FIT_ONLY,Примерить фактический БС; утвердить ленты/уплотнение и проверить неподвижность.
R35,SG,3.2.4,БС вне носа; ≥5D от вершины,БС X850; D100; требуемый отступ 500 мм,DESIGN_ALIGNED,Подтвердить фактическую станцию после изготовления.
R36,SG,3.2.4,Ударная и тепловая защита БС,Примерочная кассета; силовая и тепловая проверки отсутствуют,OPEN,Выпустить крепление/защиту и выполнить предусмотренные испытания.
R37,SG,3.2.4,Вентиляция:≥8 отверстий Ø≥1.5,"CAD 8×Ø1.6 в X892, равномерно по окружности",DESIGN_ONLY,Проверить фактические отверстия и канал давления с закрытым корпусом и M01.
R38,SG,3.2.5;APP6,Совместимость с ПУ,Ползуны CAD; рельса ещё неизвестна,OPEN,Подтвердить профиль/длину и провести примерку; одно число 30×30 не задаёт паз.
R39,SG,3.3.1,Выключатель борта,Доступный внешний интерфейс не выпущен,OPEN,Разработать органы управления и проверить доступ в собранном корпусе.
R40,SG,3.4.1–2,Параметры радио отражены в ПЗ,"Модуль, канал и формат ещё не выбраны",OPEN,"Зафиксировать частоту/канал, скорость, мощность и контрольную сумму; согласовать рабочий канал."
R41,SG,3.4.3,Передача≥5 пакетов/с,Аппаратный канал отсутствует,OPEN,Проверить временные метки пакетов на 3 ч стенде и в требуемых условиях связи.
R42,SG,3.4.4,Мощность передатчика≤1 Вт,Передатчик не выбран,OPEN,Подтвердить настройку и паспорт; ограничениеТЗ не заменяет согласование частоты.
R43,SG,3.5,Рекомендации: дублёр/формат/мощность,Не превращены в обязательные пороги,RECOMMENDATION,"Рассмотреть дублёр, общий формат памяти/радио и минимально достаточную мощность."
R44,APP2,конструкторы,Готовый конструктор не обязателен для СГ,Собственная компоновка D01,DESIGN_ALIGNED,Показать собственные и покупные части; готовый набор не заменяет выполнениеТЗ.
R45,APP3,ИКК 3;5,Доклад и загрузка материалов,Презентация этапа E02; актуальные чертежи/расчёты выпущены отдельно,OPEN,Свести презентацию в одну актуальную ревизию; проверить фактический срок загрузки и 15+15 мин регламент.
R46,APP3,ЗОС 3–5,"ПЗ, свидетельства и видео",Физических протоколов/видео нет,OPEN,"Подготовить требуемые испытания, материалы и уведомление; общий хронометраж видео≤15 мин."
R47,APP3,финал 3–5,Предстартовая проверка и итоговая защита,"Ни изделие, ниМГМ не предъявлены",OPEN,Подать обновлённую ПЗ в установленный срок; предъявить изделие/МГМ/приёмник и устранить замечания.
R48,APP3,финал 5.3.6,Двигатели организаторов,"Заявлена поддержка пусков, модель не назначена",EXTERNAL_OPEN,Получить тип и интерфейс; два двигателя нельзя считать безусловной гарантией — число пусков может быть сокращено.
R49,APP4,СГ: ИКК 1.1;ЗОС 1.2,Презентация PPTX/PDF,Есть E02/M01; D01/OR04 пока в отдельных материалах,PARTIAL_DOCUMENT,Согласовать одну актуальную версию для подачи; не маркировать старые слайды как D01.
R50,APP4,СГ: ИКК 1.2–1.4,"Архитектура, энергетика и алгоритм борта",Частичные материалы; основной борт не реализован,PARTIAL_DOCUMENT,Завершить схемы/алгоритм; энергобаланс в требуемом табличном и PDF форматах.
R51,APP4,СГ: ИКК 1.5,Расчёт спасения PDF,R01 содержит равновесный CdA; раскрытие не рассчитано,PARTIAL_DOCUMENT,"Добавить выбранные купола, нагрузки, укладку, отделение и результаты испытаний."
R52,APP4,СГ: ИКК 1.6,Габаритный чертёж,"DW01: общий A3, номинальная геометрия D01",DOCUMENT_AVAILABLE,Утвердить ревизию и размеры перед подачей; статус изготовления не приписывать.
R53,APP4,СГ: ИКК 1.7,Расчёт OpenRocket,OR04:5 сценариев и 5 повторов; реальные входы открыты,NUMERICAL_ONLY,Пересчитать с выбранными компонентами; расширить модель на реальную миссию.
R54,APP4,СГ: ИКК 2.2–2.3,Рекомендованы STEP и сборочный чертёж,"Полный STEP D01, DW01 общий вид/сечение, спецификация и AS01",DOCUMENT_AVAILABLE,Выпустить окончательные соединения и допуски; AS01 пока содержит открытые точки.
R55,APP4,СГ: ЗОС 1.1;1.3,ПЗ и приложения испытаний/процедур,Рабочие документы; итогового комплекта нет,PARTIAL_DOCUMENT,"Собрать ПЗ в PDF, характеристики, отчёты, предстартовые/послеполётные процедуры."
R56,APP4,СГ: ЗОС 1.5,Принципиальная схема,Есть концепция M01; основная схема не выпущена,OPEN,Выпустить полную принципиальную схему и жгут.
R57,APP4,СГ: ЗОС 1.6–1.8,"Видео спасения, радио и отделения",Нет,OPEN,Провести и записать реальные испытания трёх систем.
R58,APP4,СГ: ЗОС 2.1,Рекомендован прочностной расчёт,R01: только предварительные ручные оценки,PARTIAL_DOCUMENT,"Назначить нагрузки/материалы, выполнить расчёт и сопоставить с испытаниями."
R59,APP4,общие пп.1–4,"Форматы, повторная подача и сроки",Файлы доступны команде; вЛК не загружались,OPEN,Подать материалы заново для этапа; не менять их после закрытия без согласования.
R60,APP5,6.3,Оценка СГ по этапам,"Матрица задач учитывает механику, электронику, миссии и реальные испытания",PLANNING_ONLY,Готовить свидетельства и защиту; оценки экспертов заранее не присваивать.
R61,APP6,рельса,Интерфейс пускового оборудования,Изучено приложение; реальная рельса не получена,EXTERNAL_OPEN,"Согласовать поперечник паза/ползунов, длину, угол и контрольную примерку."
R62,APP7,организаторы,Контактный и экспертный состав сезона,Приложение XV проверено; технических требований не добавляет,REFERENCE_ONLY,Использовать актуальный канал связи; сообщения организаторам не отправлялись.
