item,mass_kg,rho_kg_m3,speed_m_s,CdA_m2
carrier_burnout_without_payload,3.8911901147896204,1.225,5.0,2.4920515617437795
carrier_burnout_without_payload,3.8911901147896204,1.225,7.5,1.1075784718861243
carrier_burnout_without_payload,3.8911901147896204,1.225,10.0,0.6230128904359449
carrier_burnout_without_payload,3.8911901147896204,1.0,5.0,3.0527631631361305
carrier_burnout_without_payload,3.8911901147896204,1.0,7.5,1.3567836280605023
carrier_burnout_without_payload,3.8911901147896204,1.0,10.0,0.7631907907840326
payload,1.5,1.225,5.0,0.9606514285714285
payload,1.5,1.225,7.5,0.4269561904761905
payload,1.5,1.225,10.0,0.24016285714285712
payload,1.5,1.0,5.0,1.176798
payload,1.5,1.0,7.5,0.5230213333333333
payload,1.5,1.0,10.0,0.2941995
