id,item,quantity,selection_status,do_before_order,acceptance
P01,Стандартный двигатель и штатное удержание,1,WAIT_ORGANIZER,Закрыть I02; не заказывать по одному внешнему диаметру,Паспорт; кривая; масса; геометрия; комплектность
P02,Материал корпуса и стабилизаторов,set,NOT_SELECTED,Выбрать ламинат и технологию; испытать образцы,Сертификат партии; плотность; толщина; дефекты; контрольный образец
P03,Парашют носителя и фалы,1,NOT_SELECTED,CdA; упакованный объём; допустимые нагрузки раскрытия; крепления,Документы изготовителя и контроль укладки
P04,Собственный парашют макета и фалы,1,NOT_SELECTED,Масса и объём в составе макета; отдельное возвращение,Документы; масса; пробная упаковка
P05,Основной борт и наземная станция,set,DESIGN_OPEN,Выбрать датчики; диапазоны; 20Hz запись; 5Hz канал; частота/мощность,Схема; стендовые логи; радиоканал; энергетика
P06,Контроллер спасения и блокировки,set,DESIGN_OPEN,Определить архитектуру; независимость; интерфейсы; безопасные LED тесты,Схема; покрытие состояний; отказобезопасность
P07,Adafruit Feather RP2040 #4884,1,CANDIDATE,Проверить ревизию и кабели; прошивку на образце,Размер; масса; watchdog; восстановление состояния
P08,Adafruit LiPo #258 1200mAh,1,CANDIDATE,Подтвердить TDS и полярность; зарядку по изготовителю,Габарит; масса; напряжение; ёмкость;6h испытание M01
P09,SameSky CMI-1295-85T,1,CANDIDATE,Закрыть тракт звука через корпус; не выбирать по SPL на10cm,Ток; режим; полевой поиск в собранном корпусе
P10,Стандартный крепёж и разъёмы,set,DESIGN_OPEN,Назначить закладные; резьбовое зацепление; удержание; длины кабелей,Спецификация с артикулами; маркировка; входной контроль
