position,drawing_id,name,label,group,kind,quantity,mass_g,size_x_mm,size_y_mm,size_z_mm,pages,file
1,PLBP-D01-P001,GuideRail0,E01 боковая опора 1,avionics,Проектная деталь · материал и допуски уточнить,1,14.208,240.0,4.0,8.0,1,parts/PLBP-D01-P001.pdf
2,PLBP-D01-P002,GuideRail1,E01 боковая опора 2,avionics,Проектная деталь · материал и допуски уточнить,1,14.208,240.0,4.0,8.0,1,parts/PLBP-D01-P002.pdf
3,PLBP-D01-P003,LoggerMount3,Кассета самописца: открытые каналы давления,avionics,Проектная деталь · материал и допуски уточнить,1,30.902539124835304,93.0,79.0,23.5,2,parts/PLBP-D01-P003.pdf
4,PLBP-D01-P004,LoggerLidWindow1,Решётчатая крышка самописца: фиксация двумя лентами,avionics,Проектная деталь · материал и допуски уточнить,1,6.4389,93.0,39.0,2.0,1,parts/PLBP-D01-P004.pdf
5,PLBP-D01-P005,BatteryStrapSlot3,"Держатель основной батареи: бортики, вывод провода, две ленты",avionics,Проектная деталь · материал и допуски уточнить,1,19.795754124835284,80.0,79.0,8.5,2,parts/PLBP-D01-P005.pdf
6,PLBP-D01-P006,LoggerBolt0,Logger M3×10: условный крепёж 1,avionics,Условный крепёж · стандарт и длина не утверждены,1,1.01891463029437,5.6,5.6,12.4,1,parts/PLBP-D01-P006.pdf
7,PLBP-D01-P007,LoggerNut0,Logger гайка M3: цилиндрический габарит 1,avionics,Условный крепёж · стандарт и длина не утверждены,1,0.4531551053262432,6.4,6.4,2.5,1,parts/PLBP-D01-P007.pdf
8,PLBP-D01-P008,LoggerBolt1,Logger M3×10: условный крепёж 2,avionics,Условный крепёж · стандарт и длина не утверждены,1,1.01891463029437,5.6,5.6,12.4,1,parts/PLBP-D01-P008.pdf
9,PLBP-D01-P009,LoggerNut1,Logger гайка M3: цилиндрический габарит 2,avionics,Условный крепёж · стандарт и длина не утверждены,1,0.4531551053262432,6.4,6.4,2.5,1,parts/PLBP-D01-P009.pdf
10,PLBP-D01-P010,LoggerBolt2,Logger M3×10: условный крепёж 3,avionics,Условный крепёж · стандарт и длина не утверждены,1,1.01891463029437,5.6,5.6,12.4,1,parts/PLBP-D01-P010.pdf
11,PLBP-D01-P011,LoggerNut2,Logger гайка M3: цилиндрический габарит 3,avionics,Условный крепёж · стандарт и длина не утверждены,1,0.4531551053262432,6.4,6.4,2.5,1,parts/PLBP-D01-P011.pdf
12,PLBP-D01-P012,LoggerBolt3,Logger M3×10: условный крепёж 4,avionics,Условный крепёж · стандарт и длина не утверждены,1,1.01891463029437,5.6,5.6,12.4,1,parts/PLBP-D01-P012.pdf
13,PLBP-D01-P013,LoggerNut3,Logger гайка M3: цилиндрический габарит 4,avionics,Условный крепёж · стандарт и длина не утверждены,1,0.4531551053262432,6.4,6.4,2.5,1,parts/PLBP-D01-P013.pdf
14,PLBP-D01-P014,BatteryBolt0,Battery M3×10: условный крепёж 1,avionics,Условный крепёж · стандарт и длина не утверждены,1,1.01891463029437,5.6,5.6,12.4,1,parts/PLBP-D01-P014.pdf
15,PLBP-D01-P015,BatteryNut0,Battery гайка M3: цилиндрический габарит 1,avionics,Условный крепёж · стандарт и длина не утверждены,1,0.4531551053262432,6.4,6.4,2.5,1,parts/PLBP-D01-P015.pdf
16,PLBP-D01-P016,BatteryBolt1,Battery M3×10: условный крепёж 2,avionics,Условный крепёж · стандарт и длина не утверждены,1,1.01891463029437,5.6,5.6,12.4,1,parts/PLBP-D01-P016.pdf
17,PLBP-D01-P017,BatteryNut1,Battery гайка M3: цилиндрический габарит 2,avionics,Условный крепёж · стандарт и длина не утверждены,1,0.4531551053262432,6.4,6.4,2.5,1,parts/PLBP-D01-P017.pdf
18,PLBP-D01-P018,BatteryBolt2,Battery M3×10: условный крепёж 3,avionics,Условный крепёж · стандарт и длина не утверждены,1,1.018914630294359,5.6,5.6,12.4,1,parts/PLBP-D01-P018.pdf
19,PLBP-D01-P019,BatteryNut2,Battery гайка M3: цилиндрический габарит 3,avionics,Условный крепёж · стандарт и длина не утверждены,1,0.45315510532624326,6.4,6.4,2.5,1,parts/PLBP-D01-P019.pdf
20,PLBP-D01-P020,BatteryBolt3,Battery M3×10: условный крепёж 4,avionics,Условный крепёж · стандарт и длина не утверждены,1,1.018914630294359,5.6,5.6,12.4,1,parts/PLBP-D01-P020.pdf
21,PLBP-D01-P021,BatteryNut3,Battery гайка M3: цилиндрический габарит 4,avionics,Условный крепёж · стандарт и длина не утверждены,1,0.45315510532624326,6.4,6.4,2.5,1,parts/PLBP-D01-P021.pdf
22,PLBP-D01-P022,Logger,Самописец организатора · габарит A04,avionics,Габарит / резерв / условная укладка,1,30,84.0,30.0,18.0,1,parts/PLBP-D01-P022.pdf
23,PLBP-D01-P023,MainPower,Основное питание · габарит A04,avionics,Габарит / резерв / условная укладка,1,100,70.0,40.0,22.0,1,parts/PLBP-D01-P023.pdf
24,PLBP-D01-P024,MainHeadClearance3,E02 опора основного блока: общий крепёж с кассетой самописца,avionics,Проектная деталь · материал и допуски уточнить,1,11.13790258107705,99.0,79.0,6.5,2,parts/PLBP-D01-P024.pdf
25,PLBP-D01-P025,BeaconMount3,"M01 несущая кассета: электроника, питание, звуковые окна",mission,Проектная деталь · материал и допуски уточнить,1,35.92983412483529,109.0,66.0,34.5,2,parts/PLBP-D01-P025.pdf
26,PLBP-D01-P026,M01BatteryTray,M01 ложемент батареи: жёсткая защита без обжатия ячейки,mission,Проектная деталь · материал и допуски уточнить,1,8.144319500000003,69.0,38.3,10.5,1,parts/PLBP-D01-P026.pdf
27,PLBP-D01-P027,M01BatteryCover,M01 защитная крышка батареи: зазор 1 мм,mission,Проектная деталь · материал и допуски уточнить,1,5.0343435,69.0,38.3,1.5,1,parts/PLBP-D01-P027.pdf
28,PLBP-D01-P028,M01ShelfSupport0,M01 продольная опора полки 1,mission,Проектная деталь · материал и допуски уточнить,1,4.73202,69.0,3.0,18.0,1,parts/PLBP-D01-P028.pdf
29,PLBP-D01-P029,M01ShelfSupport1,M01 продольная опора полки 2,mission,Проектная деталь · материал и допуски уточнить,1,4.73202,69.0,3.0,18.0,1,parts/PLBP-D01-P029.pdf
30,PLBP-D01-P030,M01BoardSupport0,M01 примерочная опора платы 1,mission,Проектная деталь · материал и допуски уточнить,1,0.38862,51.0,2.0,3.0,1,parts/PLBP-D01-P030.pdf
31,PLBP-D01-P031,M01BoardSupport1,M01 примерочная опора платы 2,mission,Проектная деталь · материал и допуски уточнить,1,0.38862,51.0,2.0,3.0,1,parts/PLBP-D01-P031.pdf
32,PLBP-D01-P032,M01Battery,M01 LiPo #258 · максимальный габарит TDS с PCM,mission,Габарит / резерв / условная укладка,1,23.0,62.3,35.3,5.3,1,parts/PLBP-D01-P032.pdf
33,PLBP-D01-P033,M01Buzzer,M01 CMI-1295-85T · звуковой индикатор,mission,Габарит / резерв / условная укладка,1,1.6,12.0,12.0,10.0,1,parts/PLBP-D01-P033.pdf
34,PLBP-D01-P034,M01BuzzerLead0,"M01 вывод индикатора: масса входит в 1,6 г",mission,Габарит / резерв / условная укладка,1,0.0,0.6000000000000001,0.6000000000000001,4.5,1,parts/PLBP-D01-P034.pdf
35,PLBP-D01-P035,M01BuzzerLead1,"M01 вывод индикатора: масса входит в 1,6 г",mission,Габарит / резерв / условная укладка,1,0.0,0.6000000000000001,0.6000000000000001,4.5,1,parts/PLBP-D01-P035.pdf
36,PLBP-D01-P036,M01DriverHole1,"M01 плата ключа и диода · отверстия индикатора с шагом 7,6 мм",mission,Габарит / резерв / условная укладка,1,4.0,20.0,16.0,2.0,1,parts/PLBP-D01-P036.pdf
37,PLBP-D01-P037,M01DriverSupport0,M01 опора платы ключа 1,mission,Проектная деталь · материал и допуски уточнить,1,0.025399999999999995,2.0,2.0,5.0,1,parts/PLBP-D01-P037.pdf
38,PLBP-D01-P038,M01DriverSupport1,M01 опора платы ключа 2,mission,Проектная деталь · материал и допуски уточнить,1,0.025399999999999995,2.0,2.0,5.0,1,parts/PLBP-D01-P038.pdf
39,PLBP-D01-P039,M01DriverSupport2,M01 опора платы ключа 3,mission,Проектная деталь · материал и допуски уточнить,1,0.025399999999999995,2.0,2.0,5.0,1,parts/PLBP-D01-P039.pdf
40,PLBP-D01-P040,M01DriverSupport3,M01 опора платы ключа 4,mission,Проектная деталь · материал и допуски уточнить,1,0.025399999999999995,2.0,2.0,5.0,1,parts/PLBP-D01-P040.pdf
41,PLBP-D01-P041,E02DeckHole3,E02 лоток с креплением автономной кассеты,avionics,Проектная деталь · материал и допуски уточнить,1,92.96656679412408,240.0,80.0,3.0,2,parts/PLBP-D01-P041.pdf
42,PLBP-D01-P042,M01Bolt0,M01 M3×10 · условный крепёж 1,mission,Условный крепёж · стандарт и длина не утверждены,1,1.0189146302943695,5.6,5.6,12.4,1,parts/PLBP-D01-P042.pdf
43,PLBP-D01-P043,M01Nut0,M01 гайка M3 · габарит 1,mission,Условный крепёж · стандарт и длина не утверждены,1,0.4531551053262432,6.4,6.4,2.5,1,parts/PLBP-D01-P043.pdf
44,PLBP-D01-P044,M01Bolt1,M01 M3×10 · условный крепёж 2,mission,Условный крепёж · стандарт и длина не утверждены,1,1.0189146302943695,5.6,5.6,12.4,1,parts/PLBP-D01-P044.pdf
45,PLBP-D01-P045,M01Nut1,M01 гайка M3 · габарит 2,mission,Условный крепёж · стандарт и длина не утверждены,1,0.4531551053262432,6.4,6.4,2.5,1,parts/PLBP-D01-P045.pdf
46,PLBP-D01-P046,M01Bolt2,M01 M3×10 · условный крепёж 3,mission,Условный крепёж · стандарт и длина не утверждены,1,1.0189146302943586,5.6,5.6,12.4,1,parts/PLBP-D01-P046.pdf
47,PLBP-D01-P047,M01Nut2,M01 гайка M3 · габарит 3,mission,Условный крепёж · стандарт и длина не утверждены,1,0.45315510532624326,6.4,6.4,2.5,1,parts/PLBP-D01-P047.pdf
48,PLBP-D01-P048,M01Bolt3,M01 M3×10 · условный крепёж 4,mission,Условный крепёж · стандарт и длина не утверждены,1,1.0189146302943586,5.6,5.6,12.4,1,parts/PLBP-D01-P048.pdf
49,PLBP-D01-P049,M01Nut3,M01 гайка M3 · габарит 4,mission,Условный крепёж · стандарт и длина не утверждены,1,0.45315510532624326,6.4,6.4,2.5,1,parts/PLBP-D01-P049.pdf
50,PLBP-D01-P050,RecoveryCarrier,E02 примерочная опора блока спасения: крепление к корпусу открыто,control,Проектная деталь · материал и допуски уточнить,1,22.372319999999995,88.0,66.0,12.0,1,parts/PLBP-D01-P050.pdf
51,PLBP-D01-P051,BodyFix0_610_2,Корпус · секция payload,shell,Проектная деталь · материал и допуски уточнить,1,265.95421693107517,309.8000002,100.00000019999999,100.00000019999999,2,parts/PLBP-D01-P051.pdf
52,PLBP-D01-P052,BodyFix1_815_2,Корпус · секция recovery,shell,Проектная деталь · материал и допуски уточнить,1,175.5416748308845,204.6000001999999,100.00000019999999,100.00000019999999,2,parts/PLBP-D01-P052.pdf
53,PLBP-D01-P053,GuideBodyHole930,Корпус · секция avionics,shell,Проектная деталь · материал и допуски уточнить,1,235.58187036588126,274.60000019999995,100.00000019999999,100.0000002,2,parts/PLBP-D01-P053.pdf
54,PLBP-D01-P054,BodyFix3_1190_2,Корпус · секция control,shell,Проектная деталь · материал и допуски уточнить,1,85.37659122396506,99.6000001999999,100.00000019999999,100.00000019999999,2,parts/PLBP-D01-P054.pdf
55,PLBP-D01-P055,GuideBodyHole1450,Корпус · секция motor,shell,Проектная деталь · материал и допуски уточнить,1,320.93181471380706,379.8000002,100.00000019999999,100.00000019999999,2,parts/PLBP-D01-P055.pdf
56,PLBP-D01-P056,JointScrew610_596_0SocketCut,"Стык 610 · M3, условная длина",shell,Условный крепёж · стандарт и длина не утверждены,1,0.7136882311710413,5.600000000000001,8.20000000000001,5.600000000000001,1,parts/PLBP-D01-P056.pdf
57,PLBP-D01-P057,JointNut610_596_0,"Стык 610 · закладная гайка, фиксация требует разработки",shell,Условный крепёж · стандарт и длина не утверждены,1,0.43502890111319353,6.400000000000002,2.4000000000000066,6.400000000000002,1,parts/PLBP-D01-P057.pdf
58,PLBP-D01-P058,JointScrew610_596_1SocketCut,"Стык 610 · M3, условная длина",shell,Условный крепёж · стандарт и длина не утверждены,1,0.7136882311710414,5.600000000000001,8.200000000000003,5.6000000000000005,1,parts/PLBP-D01-P058.pdf
59,PLBP-D01-P059,JointNut610_596_1,"Стык 610 · закладная гайка, фиксация требует разработки",shell,Условный крепёж · стандарт и длина не утверждены,1,0.43502890111319364,6.400000000000002,2.400000000000009,6.400000000000002,1,parts/PLBP-D01-P059.pdf
60,PLBP-D01-P060,JointScrew610_596_2SocketCut,"Стык 610 · M3, условная длина",shell,Условный крепёж · стандарт и длина не утверждены,1,0.7136882311710413,5.6,8.200000000000003,5.6,1,parts/PLBP-D01-P060.pdf
61,PLBP-D01-P061,JointNut610_596_2,"Стык 610 · закладная гайка, фиксация требует разработки",shell,Условный крепёж · стандарт и длина не утверждены,1,0.4350289011131935,6.4,2.4000000000000017,6.4,1,parts/PLBP-D01-P061.pdf
62,PLBP-D01-P062,JointScrew610_624_0SocketCut,"Стык 610 · M3, условная длина",shell,Условный крепёж · стандарт и длина не утверждены,1,0.7136882311710406,5.600000000000001,8.20000000000001,5.600000000000001,1,parts/PLBP-D01-P062.pdf
63,PLBP-D01-P063,JointNut610_624_0,"Стык 610 · закладная гайка, фиксация требует разработки",shell,Условный крепёж · стандарт и длина не утверждены,1,0.43502890111319353,6.400000000000002,2.4000000000000066,6.400000000000002,1,parts/PLBP-D01-P063.pdf
64,PLBP-D01-P064,JointScrew610_624_1SocketCut,"Стык 610 · M3, условная длина",shell,Условный крепёж · стандарт и длина не утверждены,1,0.7136882311710406,5.600000000000001,8.200000000000003,5.6000000000000005,1,parts/PLBP-D01-P064.pdf
65,PLBP-D01-P065,JointNut610_624_1,"Стык 610 · закладная гайка, фиксация требует разработки",shell,Условный крепёж · стандарт и длина не утверждены,1,0.43502890111319364,6.400000000000002,2.400000000000009,6.400000000000002,1,parts/PLBP-D01-P065.pdf
66,PLBP-D01-P066,JointScrew610_624_2SocketCut,"Стык 610 · M3, условная длина",shell,Условный крепёж · стандарт и длина не утверждены,1,0.7136882311710405,5.6,8.200000000000003,5.6,1,parts/PLBP-D01-P066.pdf
67,PLBP-D01-P067,JointNut610_624_2,"Стык 610 · закладная гайка, фиксация требует разработки",shell,Условный крепёж · стандарт и длина не утверждены,1,0.4350289011131935,6.4,2.4000000000000017,6.4,1,parts/PLBP-D01-P067.pdf
68,PLBP-D01-P068,CouplerHole610_624_2,Стык X610 · внутренняя втулка 40 мм,shell,Проектная деталь · материал и допуски уточнить,1,26.437130701259704,40.0000002,96.4000002,96.4000002,2,parts/PLBP-D01-P068.pdf
69,PLBP-D01-P069,JointGasket610,"Стык X610 · прокладка, кандидат",shell,Габарит / резерв / условная укладка,1,0.3,0.4,100.0,100.0,1,parts/PLBP-D01-P069.pdf
70,PLBP-D01-P070,JointScrew815_801_0SocketCut,"Стык 815 · M3, условная длина",shell,Условный крепёж · стандарт и длина не утверждены,1,0.713688231171041,5.600000000000001,8.20000000000001,5.600000000000001,1,parts/PLBP-D01-P070.pdf
71,PLBP-D01-P071,JointNut815_801_0,"Стык 815 · закладная гайка, фиксация требует разработки",shell,Условный крепёж · стандарт и длина не утверждены,1,0.43502890111319353,6.400000000000002,2.4000000000000066,6.400000000000002,1,parts/PLBP-D01-P071.pdf
72,PLBP-D01-P072,JointScrew815_801_1SocketCut,"Стык 815 · M3, условная длина",shell,Условный крепёж · стандарт и длина не утверждены,1,0.713688231171041,5.600000000000001,8.200000000000003,5.6000000000000005,1,parts/PLBP-D01-P072.pdf
73,PLBP-D01-P073,JointNut815_801_1,"Стык 815 · закладная гайка, фиксация требует разработки",shell,Условный крепёж · стандарт и длина не утверждены,1,0.43502890111319364,6.400000000000002,2.400000000000009,6.400000000000002,1,parts/PLBP-D01-P073.pdf
74,PLBP-D01-P074,JointScrew815_801_2SocketCut,"Стык 815 · M3, условная длина",shell,Условный крепёж · стандарт и длина не утверждены,1,0.713688231171041,5.6,8.200000000000003,5.6,1,parts/PLBP-D01-P074.pdf
75,PLBP-D01-P075,JointNut815_801_2,"Стык 815 · закладная гайка, фиксация требует разработки",shell,Условный крепёж · стандарт и длина не утверждены,1,0.4350289011131935,6.4,2.4000000000000017,6.4,1,parts/PLBP-D01-P075.pdf
76,PLBP-D01-P076,JointScrew815_829_0SocketCut,"Стык 815 · M3, условная длина",shell,Условный крепёж · стандарт и длина не утверждены,1,0.713688231171041,5.600000000000001,8.20000000000001,5.600000000000001,1,parts/PLBP-D01-P076.pdf
77,PLBP-D01-P077,JointNut815_829_0,"Стык 815 · закладная гайка, фиксация требует разработки",shell,Условный крепёж · стандарт и длина не утверждены,1,0.43502890111319353,6.400000000000002,2.4000000000000066,6.400000000000002,1,parts/PLBP-D01-P077.pdf
78,PLBP-D01-P078,JointScrew815_829_1SocketCut,"Стык 815 · M3, условная длина",shell,Условный крепёж · стандарт и длина не утверждены,1,0.713688231171041,5.600000000000001,8.200000000000003,5.6000000000000005,1,parts/PLBP-D01-P078.pdf
79,PLBP-D01-P079,JointNut815_829_1,"Стык 815 · закладная гайка, фиксация требует разработки",shell,Условный крепёж · стандарт и длина не утверждены,1,0.43502890111319364,6.400000000000002,2.400000000000009,6.400000000000002,1,parts/PLBP-D01-P079.pdf
80,PLBP-D01-P080,JointScrew815_829_2SocketCut,"Стык 815 · M3, условная длина",shell,Условный крепёж · стандарт и длина не утверждены,1,0.713688231171041,5.6,8.200000000000003,5.6,1,parts/PLBP-D01-P080.pdf
81,PLBP-D01-P081,JointNut815_829_2,"Стык 815 · закладная гайка, фиксация требует разработки",shell,Условный крепёж · стандарт и длина не утверждены,1,0.4350289011131935,6.4,2.4000000000000017,6.4,1,parts/PLBP-D01-P081.pdf
82,PLBP-D01-P082,CouplerHole815_829_2,Стык X815 · внутренняя втулка 40 мм,shell,Проектная деталь · материал и допуски уточнить,1,26.43713070122939,40.0000002,96.4000002,96.4000002,2,parts/PLBP-D01-P082.pdf
83,PLBP-D01-P083,JointGasket815,"Стык X815 · прокладка, кандидат",shell,Габарит / резерв / условная укладка,1,0.3,0.4,100.0,100.0,1,parts/PLBP-D01-P083.pdf
84,PLBP-D01-P084,JointScrew1090_1076_0SocketCut,"Стык 1090 · M3, условная длина",shell,Условный крепёж · стандарт и длина не утверждены,1,0.7136882311710344,5.600000000000001,8.20000000000001,5.600000000000001,1,parts/PLBP-D01-P084.pdf
85,PLBP-D01-P085,JointNut1090_1076_0,"Стык 1090 · закладная гайка, фиксация требует разработки",shell,Условный крепёж · стандарт и длина не утверждены,1,0.4350289011131936,6.400000000000002,2.4000000000000066,6.400000000000002,1,parts/PLBP-D01-P085.pdf
86,PLBP-D01-P086,JointScrew1090_1076_1SocketCut,"Стык 1090 · M3, условная длина",shell,Условный крепёж · стандарт и длина не утверждены,1,0.7136882311710344,5.600000000000001,8.200000000000003,5.6000000000000005,1,parts/PLBP-D01-P086.pdf
87,PLBP-D01-P087,JointNut1090_1076_1,"Стык 1090 · закладная гайка, фиксация требует разработки",shell,Условный крепёж · стандарт и длина не утверждены,1,0.43502890111319364,6.400000000000002,2.400000000000009,6.400000000000002,1,parts/PLBP-D01-P087.pdf
88,PLBP-D01-P088,JointScrew1090_1076_2SocketCut,"Стык 1090 · M3, условная длина",shell,Условный крепёж · стандарт и длина не утверждены,1,0.7136882311710342,5.6,8.200000000000003,5.6,1,parts/PLBP-D01-P088.pdf
89,PLBP-D01-P089,JointNut1090_1076_2,"Стык 1090 · закладная гайка, фиксация требует разработки",shell,Условный крепёж · стандарт и длина не утверждены,1,0.4350289011131935,6.4,2.4000000000000017,6.4,1,parts/PLBP-D01-P089.pdf
90,PLBP-D01-P090,JointScrew1090_1104_0SocketCut,"Стык 1090 · M3, условная длина",shell,Условный крепёж · стандарт и длина не утверждены,1,0.7136882311710344,5.600000000000001,8.20000000000001,5.600000000000001,1,parts/PLBP-D01-P090.pdf
91,PLBP-D01-P091,JointNut1090_1104_0,"Стык 1090 · закладная гайка, фиксация требует разработки",shell,Условный крепёж · стандарт и длина не утверждены,1,0.4350289011131936,6.400000000000002,2.4000000000000066,6.400000000000002,1,parts/PLBP-D01-P091.pdf
92,PLBP-D01-P092,JointScrew1090_1104_1SocketCut,"Стык 1090 · M3, условная длина",shell,Условный крепёж · стандарт и длина не утверждены,1,0.7136882311710344,5.600000000000001,8.200000000000003,5.6000000000000005,1,parts/PLBP-D01-P092.pdf
93,PLBP-D01-P093,JointNut1090_1104_1,"Стык 1090 · закладная гайка, фиксация требует разработки",shell,Условный крепёж · стандарт и длина не утверждены,1,0.43502890111319364,6.400000000000002,2.400000000000009,6.400000000000002,1,parts/PLBP-D01-P093.pdf
94,PLBP-D01-P094,JointScrew1090_1104_2SocketCut,"Стык 1090 · M3, условная длина",shell,Условный крепёж · стандарт и длина не утверждены,1,0.7136882311710341,5.6,8.200000000000003,5.6,1,parts/PLBP-D01-P094.pdf
95,PLBP-D01-P095,JointNut1090_1104_2,"Стык 1090 · закладная гайка, фиксация требует разработки",shell,Условный крепёж · стандарт и длина не утверждены,1,0.4350289011131935,6.4,2.4000000000000017,6.4,1,parts/PLBP-D01-P095.pdf
96,PLBP-D01-P096,CouplerHole1090_1104_2,Стык X1090 · внутренняя втулка 40 мм,shell,Проектная деталь · материал и допуски уточнить,1,26.437130705074146,40.0000002,96.4000002,96.4000002,2,parts/PLBP-D01-P096.pdf
97,PLBP-D01-P097,JointGasket1090,"Стык X1090 · прокладка, кандидат",shell,Габарит / резерв / условная укладка,1,0.3,0.4,100.0,100.0,1,parts/PLBP-D01-P097.pdf
98,PLBP-D01-P098,JointScrew1190_1176_0SocketCut,"Стык 1190 · M3, условная длина",shell,Условный крепёж · стандарт и длина не утверждены,1,0.7136882311710343,5.600000000000001,8.20000000000001,5.600000000000001,1,parts/PLBP-D01-P098.pdf
99,PLBP-D01-P099,JointNut1190_1176_0,"Стык 1190 · закладная гайка, фиксация требует разработки",shell,Условный крепёж · стандарт и длина не утверждены,1,0.4350289011131936,6.400000000000002,2.4000000000000066,6.400000000000002,1,parts/PLBP-D01-P099.pdf
100,PLBP-D01-P100,JointScrew1190_1176_1SocketCut,"Стык 1190 · M3, условная длина",shell,Условный крепёж · стандарт и длина не утверждены,1,0.7136882311710337,5.600000000000001,8.200000000000003,5.6000000000000005,1,parts/PLBP-D01-P100.pdf
101,PLBP-D01-P101,JointNut1190_1176_1,"Стык 1190 · закладная гайка, фиксация требует разработки",shell,Условный крепёж · стандарт и длина не утверждены,1,0.43502890111319364,6.400000000000002,2.400000000000009,6.400000000000002,1,parts/PLBP-D01-P101.pdf
102,PLBP-D01-P102,JointScrew1190_1176_2SocketCut,"Стык 1190 · M3, условная длина",shell,Условный крепёж · стандарт и длина не утверждены,1,0.7136882311710336,5.6,8.200000000000003,5.6,1,parts/PLBP-D01-P102.pdf
103,PLBP-D01-P103,JointNut1190_1176_2,"Стык 1190 · закладная гайка, фиксация требует разработки",shell,Условный крепёж · стандарт и длина не утверждены,1,0.4350289011131935,6.4,2.4000000000000017,6.4,1,parts/PLBP-D01-P103.pdf
104,PLBP-D01-P104,JointScrew1190_1204_0SocketCut,"Стык 1190 · M3, условная длина",shell,Условный крепёж · стандарт и длина не утверждены,1,0.7136882311710344,5.600000000000001,8.20000000000001,5.600000000000001,1,parts/PLBP-D01-P104.pdf
105,PLBP-D01-P105,JointNut1190_1204_0,"Стык 1190 · закладная гайка, фиксация требует разработки",shell,Условный крепёж · стандарт и длина не утверждены,1,0.4350289011131936,6.400000000000002,2.4000000000000066,6.400000000000002,1,parts/PLBP-D01-P105.pdf
106,PLBP-D01-P106,JointScrew1190_1204_1SocketCut,"Стык 1190 · M3, условная длина",shell,Условный крепёж · стандарт и длина не утверждены,1,0.7136882311710344,5.600000000000001,8.200000000000003,5.6000000000000005,1,parts/PLBP-D01-P106.pdf
107,PLBP-D01-P107,JointNut1190_1204_1,"Стык 1190 · закладная гайка, фиксация требует разработки",shell,Условный крепёж · стандарт и длина не утверждены,1,0.43502890111319364,6.400000000000002,2.400000000000009,6.400000000000002,1,parts/PLBP-D01-P107.pdf
108,PLBP-D01-P108,JointScrew1190_1204_2SocketCut,"Стык 1190 · M3, условная длина",shell,Условный крепёж · стандарт и длина не утверждены,1,0.7136882311710344,5.6,8.200000000000003,5.6,1,parts/PLBP-D01-P108.pdf
109,PLBP-D01-P109,JointNut1190_1204_2,"Стык 1190 · закладная гайка, фиксация требует разработки",shell,Условный крепёж · стандарт и длина не утверждены,1,0.4350289011131935,6.4,2.4000000000000017,6.4,1,parts/PLBP-D01-P109.pdf
110,PLBP-D01-P110,CouplerHole1190_1204_2,Стык X1190 · внутренняя втулка 40 мм,shell,Проектная деталь · материал и допуски уточнить,1,26.43713070507404,40.0000002,96.4000002,96.4000002,2,parts/PLBP-D01-P110.pdf
111,PLBP-D01-P111,JointGasket1190,"Стык X1190 · прокладка, кандидат",shell,Габарит / резерв / условная укладка,1,0.3,0.4,100.0,100.0,1,parts/PLBP-D01-P111.pdf
112,PLBP-D01-P112,ServiceRing0,"Кольцо съёмного лотка Ø93,6 · 1",avionics,Проектная деталь · материал и допуски уточнить,1,33.659538911756236,6.0,93.6,93.6,2,parts/PLBP-D01-P112.pdf
113,PLBP-D01-P113,ServiceRing1,"Кольцо съёмного лотка Ø93,6 · 2",avionics,Проектная деталь · материал и допуски уточнить,1,33.659538911756236,6.0,93.6,93.6,2,parts/PLBP-D01-P113.pdf
114,PLBP-D01-P114,NoseShellD01,Обтекатель · полая оболочка,nose,Проектная деталь · материал и допуски уточнить,1,87.10481107706167,300.0,99.99999999999999,99.99999999999999,1,parts/PLBP-D01-P114.pdf
115,PLBP-D01-P115,NoseShoulderD01,Обтекатель · отдельная посадочная юбка,nose,Проектная деталь · материал и допуски уточнить,1,25.557806568730776,45.0,96.4,96.4,2,parts/PLBP-D01-P115.pdf
116,PLBP-D01-P116,NoseBulkhead,Обтекатель · переборка под интерфейс возврата,nose,Проектная деталь · материал и допуски уточнить,1,37.499085068027135,3.0,93.0,93.0,2,parts/PLBP-D01-P116.pdf
117,PLBP-D01-P117,NoseEye,"Обтекатель · рым, условная геометрия крепежа",nose,Условный крепёж · стандарт и длина не утверждены,1,2.871127393896417,24.500000200000002,17.000000200000002,3.0000002000003447,1,parts/PLBP-D01-P117.pdf
118,PLBP-D01-P118,NoseEyeWasher,Обтекатель · шайба рымового узла,nose,Условный крепёж · стандарт и длина не утверждены,1,0.8165423421688107,1.0,12.0,12.0,1,parts/PLBP-D01-P118.pdf
119,PLBP-D01-P119,PayloadBody,"Макет · оболочка Ø84, общий размер 220 мм",payload,Проектная деталь · материал и допуски уточнить,1,141.3354782641712,216.0,84.0,84.0,2,parts/PLBP-D01-P119.pdf
120,PLBP-D01-P120,PayloadCapHoleFront3,Макет · съёмная торцевая крышка Front,payload,Проектная деталь · материал и допуски уточнить,1,14.030131622809202,2.000000000000001,84.0,84.0,2,parts/PLBP-D01-P120.pdf
121,PLBP-D01-P121,PayloadCapHoleRear3,Макет · съёмная торцевая крышка Rear,payload,Проектная деталь · материал и допуски уточнить,1,14.030131622809202,2.000000000000001,84.0,84.0,2,parts/PLBP-D01-P121.pdf
122,PLBP-D01-P122,PayloadRailBore0R,Макет · монтажная стойка 1,payload,Проектная деталь · материал и допуски уточнить,1,5.340297847420621,216.0,5.0,5.0,2,parts/PLBP-D01-P122.pdf
123,PLBP-D01-P123,PayloadScrewF0,"Макет · винт M2, габарит",payload,Условный крепёж · стандарт и длина не утверждены,1,0.09864600932271944,4.0,2.0,2.0,1,parts/PLBP-D01-P123.pdf
124,PLBP-D01-P124,PayloadScrewR0,"Макет · винт M2, габарит",payload,Условный крепёж · стандарт и длина не утверждены,1,0.09864600932271944,4.0,2.0,2.0,1,parts/PLBP-D01-P124.pdf
125,PLBP-D01-P125,PayloadRailBore1R,Макет · монтажная стойка 2,payload,Проектная деталь · материал и допуски уточнить,1,5.340297847420621,216.0,5.0,5.0,2,parts/PLBP-D01-P125.pdf
126,PLBP-D01-P126,PayloadScrewF1,"Макет · винт M2, габарит",payload,Условный крепёж · стандарт и длина не утверждены,1,0.09864600932271952,4.0,2.0,2.0,1,parts/PLBP-D01-P126.pdf
127,PLBP-D01-P127,PayloadScrewR1,"Макет · винт M2, габарит",payload,Условный крепёж · стандарт и длина не утверждены,1,0.09864600932271952,4.0,2.0,2.0,1,parts/PLBP-D01-P127.pdf
128,PLBP-D01-P128,PayloadRailBore2R,Макет · монтажная стойка 3,payload,Проектная деталь · материал и допуски уточнить,1,5.340297847420621,216.0,5.0,5.0,2,parts/PLBP-D01-P128.pdf
129,PLBP-D01-P129,PayloadScrewF2,"Макет · винт M2, габарит",payload,Условный крепёж · стандарт и длина не утверждены,1,0.09864600932271944,4.0,2.0,2.0,1,parts/PLBP-D01-P129.pdf
130,PLBP-D01-P130,PayloadScrewR2,"Макет · винт M2, габарит",payload,Условный крепёж · стандарт и длина не утверждены,1,0.09864600932271944,4.0,2.0,2.0,1,parts/PLBP-D01-P130.pdf
131,PLBP-D01-P131,PayloadRailBore3R,Макет · монтажная стойка 4,payload,Проектная деталь · материал и допуски уточнить,1,5.340297847420621,216.0,5.0,5.0,2,parts/PLBP-D01-P131.pdf
132,PLBP-D01-P132,PayloadScrewF3,"Макет · винт M2, габарит",payload,Условный крепёж · стандарт и длина не утверждены,1,0.09864600932271952,4.0,2.0,2.0,1,parts/PLBP-D01-P132.pdf
133,PLBP-D01-P133,PayloadScrewR3,"Макет · винт M2, габарит",payload,Условный крепёж · стандарт и длина не утверждены,1,0.09864600932271952,4.0,2.0,2.0,1,parts/PLBP-D01-P133.pdf
134,PLBP-D01-P134,PayloadCore,"Макет · объём собственной системы и балансировки, не разработан",payload,Габарит / резерв / условная укладка,1,1308.4538990259462,176.0,64.0,64.0,1,parts/PLBP-D01-P134.pdf
135,PLBP-D01-P135,PayloadSeat,Макет · опорное кольцо внутри втулки стыка,payload,Проектная деталь · материал и допуски уточнить,1,44.9928344095814,6.0,93.6,93.6,2,parts/PLBP-D01-P135.pdf
136,PLBP-D01-P136,PayloadGuide0,Макет · радиальный направляющий башмак 1,payload,Проектная деталь · материал и допуски уточнить,1,0.5334,12.0,3.5,10.0,1,parts/PLBP-D01-P136.pdf
137,PLBP-D01-P137,PayloadGuide1,Макет · радиальный направляющий башмак 2,payload,Проектная деталь · материал и допуски уточнить,1,0.5334,12.000000000000004,10.41025403784439,8.031088913245537,1,parts/PLBP-D01-P137.pdf
138,PLBP-D01-P138,PayloadGuide2,Макет · радиальный направляющий башмак 3,payload,Проектная деталь · материал и допуски уточнить,1,0.5334000000000003,12.00000000000001,10.410254037844394,8.031088913245549,1,parts/PLBP-D01-P138.pdf
139,PLBP-D01-P139,RecoveryBag,Спасение · оболочка укладочного мешка,recovery,Габарит / резерв / условная укладка,1,35,188.0,86.0,86.0,1,parts/PLBP-D01-P139.pdf
140,PLBP-D01-P140,RecoveryBagEnd0,Спасение · торцевая ткань 1,recovery,Габарит / резерв / условная укладка,1,5,1.0,86.0,86.0,1,parts/PLBP-D01-P140.pdf
141,PLBP-D01-P141,RecoveryBagEnd1,Спасение · торцевая ткань 2,recovery,Габарит / резерв / условная укладка,1,5,1.0,86.0,86.0,1,parts/PLBP-D01-P141.pdf
142,PLBP-D01-P142,CanopyFold0,Спасение · складка купола 1 (условная укладка),recovery,Габарит / резерв / условная укладка,1,28.75,170.0,28.133664003589388,40.5,1,parts/PLBP-D01-P142.pdf
143,PLBP-D01-P143,CanopyFold1,Спасение · складка купола 2 (условная укладка),recovery,Габарит / резерв / условная укладка,1,28.75,170.0,40.493831653833844,28.637824638055154,1,parts/PLBP-D01-P143.pdf
144,PLBP-D01-P144,CanopyFold2,Спасение · складка купола 3 (условная укладка),recovery,Габарит / резерв / условная укладка,1,28.75,170.0,40.5,28.133664003589388,1,parts/PLBP-D01-P144.pdf
145,PLBP-D01-P145,CanopyFold3,Спасение · складка купола 4 (условная укладка),recovery,Габарит / резерв / условная укладка,1,28.75,170.0,28.637824638055196,40.493831653833844,1,parts/PLBP-D01-P145.pdf
146,PLBP-D01-P146,CanopyFold4,Спасение · складка купола 5 (условная укладка),recovery,Габарит / резерв / условная укладка,1,28.75,170.0,28.133664003589388,40.5,1,parts/PLBP-D01-P146.pdf
147,PLBP-D01-P147,CanopyFold5,Спасение · складка купола 6 (условная укладка),recovery,Габарит / резерв / условная укладка,1,28.75,170.00000000000009,40.49383165383387,28.637824638055193,1,parts/PLBP-D01-P147.pdf
148,PLBP-D01-P148,CanopyFold6,Спасение · складка купола 7 (условная укладка),recovery,Габарит / резерв / условная укладка,1,28.75,170.0,40.5,28.133664003589388,1,parts/PLBP-D01-P148.pdf
149,PLBP-D01-P149,CanopyFold7,Спасение · складка купола 8 (условная укладка),recovery,Габарит / резерв / условная укладка,1,28.75,170.0,28.637824638055196,40.493831653833844,1,parts/PLBP-D01-P149.pdf
150,PLBP-D01-P150,PackingBand0,Спасение · лента укладки 1,recovery,Габарит / резерв / условная укладка,1,4,8.0,83.0,83.0,1,parts/PLBP-D01-P150.pdf
151,PLBP-D01-P151,PackingBand1,Спасение · лента укладки 2,recovery,Габарит / резерв / условная укладка,1,4,8.0,83.0,83.0,1,parts/PLBP-D01-P151.pdf
152,PLBP-D01-P152,MainCablePort,Основной борт · корпус концептуального блока,avionics,Проектная деталь · материал и допуски уточнить,1,23.2156,95.0,64.0,12.0,1,parts/PLBP-D01-P152.pdf
153,PLBP-D01-P153,MainLidD01,Основной борт · съёмная крышка,avionics,Проектная деталь · материал и допуски уточнить,1,9.265919999999998,95.0,64.0,1.2,1,parts/PLBP-D01-P153.pdf
154,PLBP-D01-P154,MainPCBPost0,Основной борт · опора платы 1,avionics,Проектная деталь · материал и допуски уточнить,1,0.04987278337573796,5.0,5.0,2.0,2,parts/PLBP-D01-P154.pdf
155,PLBP-D01-P155,MainPCBPost1,Основной борт · опора платы 2,avionics,Проектная деталь · материал и допуски уточнить,1,0.04987278337573796,5.0,5.0,2.0,2,parts/PLBP-D01-P155.pdf
156,PLBP-D01-P156,MainPCBPost2,Основной борт · опора платы 3,avionics,Проектная деталь · материал и допуски уточнить,1,0.04987278337573796,5.0,5.0,2.0,2,parts/PLBP-D01-P156.pdf
157,PLBP-D01-P157,MainPCBPost3,Основной борт · опора платы 4,avionics,Проектная деталь · материал и допуски уточнить,1,0.04987278337573796,5.0,5.0,2.0,2,parts/PLBP-D01-P157.pdf
158,PLBP-D01-P158,MainPCBMount3,"Основной борт · проектная плата размещения, не PCB для производства",avionics,Проектная деталь · материал и допуски уточнить,1,15.172022239216524,89.0,58.0,1.6,2,parts/PLBP-D01-P158.pdf
159,PLBP-D01-P159,MainLayoutMCU,"MCU · место на проектной плате, компонент не выбран",avionics,Габарит / резерв / условная укладка,1,1,14.0,14.0,1.6,1,parts/PLBP-D01-P159.pdf
160,PLBP-D01-P160,MainLayoutIMU,"IMU · место на проектной плате, компонент не выбран",avionics,Габарит / резерв / условная укладка,1,1,5.0,5.0,1.1,1,parts/PLBP-D01-P160.pdf
161,PLBP-D01-P161,MainLayoutBarometer,"Barometer · место на проектной плате, компонент не выбран",avionics,Габарит / резерв / условная укладка,1,1,5.0,5.0,1.5,1,parts/PLBP-D01-P161.pdf
162,PLBP-D01-P162,MainLayoutStorage,"Storage · место на проектной плате, компонент не выбран",avionics,Габарит / резерв / условная укладка,1,1,14.0,12.0,2.0,1,parts/PLBP-D01-P162.pdf
163,PLBP-D01-P163,MainLayoutRadio,"Radio · место на проектной плате, компонент не выбран",avionics,Габарит / резерв / условная укладка,1,1,17.0,14.0,2.5,1,parts/PLBP-D01-P163.pdf
164,PLBP-D01-P164,MainPowerSocket,Основной борт · габарит силового соединителя,avionics,Габарит / резерв / условная укладка,1,2,8.0,6.0,4.0,1,parts/PLBP-D01-P164.pdf
165,PLBP-D01-P165,RecoveryControlCase,"Блок спасения · корпус, отдельная подсистема",control,Проектная деталь · материал и допуски уточнить,1,27.39136000000002,80.0,60.0,24.0,1,parts/PLBP-D01-P165.pdf
166,PLBP-D01-P166,RecoveryControlLid,Блок спасения · крышка,control,Проектная деталь · материал и допуски уточнить,1,7.315199999999999,80.0,60.0,1.2,1,parts/PLBP-D01-P166.pdf
167,PLBP-D01-P167,RecoveryControlPCB,"Блок спасения · проектная плата, исполнительная схема не выпущена",control,Проектная деталь · материал и допуски уточнить,1,10.36,70.0,50.0,1.6,1,parts/PLBP-D01-P167.pdf
168,PLBP-D01-P168,RecoveryLayout0,Блок спасения · зарезервированное место компонента,control,Габарит / резерв / условная укладка,1,2,16.0,14.0,3.0,1,parts/PLBP-D01-P168.pdf
169,PLBP-D01-P169,RecoveryLayout1,Блок спасения · зарезервированное место компонента,control,Габарит / резерв / условная укладка,1,2,16.0,14.0,3.0,1,parts/PLBP-D01-P169.pdf
170,PLBP-D01-P170,MotorMountD01,Моторный отсек · монтажная труба,motor,Проектная деталь · материал и допуски уточнить,1,196.6762664853356,375.0,58.0,58.0,2,parts/PLBP-D01-P170.pdf
171,PLBP-D01-P171,MotorRingLight02,Моторный отсек · кольцо с технологическими отверстиями 1,motor,Проектная деталь · материал и допуски уточнить,1,45.17381842076206,6.000000000000002,93.6,93.6,2,parts/PLBP-D01-P171.pdf
172,PLBP-D01-P172,MotorRingLight12,Моторный отсек · кольцо с технологическими отверстиями 2,motor,Проектная деталь · материал и допуски уточнить,1,50.14826335234594,6.000000000000002,96.6,96.6,2,parts/PLBP-D01-P172.pdf
173,PLBP-D01-P173,MotorReferenceD01,K535W · только паспортный габарит покупного двигателя,motor,Габарит / резерв / условная укладка,1,1264,358.0,54.0,54.0,1,parts/PLBP-D01-P173.pdf
174,PLBP-D01-P174,AftInterfacePlate,"Хвост · ответная плита, удержание конкретного двигателя уточнить",motor,Проектная деталь · материал и допуски уточнить,1,25.91105195908929,3.0,96.6,96.6,2,parts/PLBP-D01-P174.pdf
175,PLBP-D01-P175,FinDetailed1,Стабилизатор 1 · сквозной корень и наружное перо,motor,Проектная деталь · материал и допуски уточнить,1,109.30170000000001,200.0,130.8,3.0,1,parts/PLBP-D01-P175.pdf
176,PLBP-D01-P176,FinDetailed2,Стабилизатор 2 · сквозной корень и наружное перо,motor,Проектная деталь · материал и допуски уточнить,1,109.30170000000037,200.0,130.80000000000004,3.000000000000003,1,parts/PLBP-D01-P176.pdf
177,PLBP-D01-P177,FinDetailed3,Стабилизатор 3 · сквозной корень и наружное перо,motor,Проектная деталь · материал и допуски уточнить,1,109.30170000000028,200.00000000000023,130.80000000000015,3.000000000000034,1,parts/PLBP-D01-P177.pdf
178,PLBP-D01-P178,GuideFootBore0,Направляющая · площадка по кривизне корпуса 1,guide,Проектная деталь · материал и допуски уточнить,1,0.5758356672534735,14.000000200000002,3.49242502205376,14.00000020000001,2,parts/PLBP-D01-P178.pdf
179,PLBP-D01-P179,GuideSpoolBore0,"Направляющая · ползун, проектный габарит под примерку 1",guide,Проектная деталь · материал и допуски уточнить,1,0.2670388313070507,9.0,6.000000000000012,9.00000000000001,2,parts/PLBP-D01-P179.pdf
180,PLBP-D01-P180,GuideBolt0,"Направляющая · крепёж M3, габарит 1",guide,Условный крепёж · стандарт и длина не утверждены,1,0.6658605629283578,3.000000000000001,12.000000000000004,3.000000000000005,1,parts/PLBP-D01-P180.pdf
181,PLBP-D01-P181,GuideFootBore1,Направляющая · площадка по кривизне корпуса 2,guide,Проектная деталь · материал и допуски уточнить,1,0.5758356673506367,14.000000200000002,3.49242502205376,14.00000020000001,2,parts/PLBP-D01-P181.pdf
182,PLBP-D01-P182,GuideSpoolBore1,"Направляющая · ползун, проектный габарит под примерку 2",guide,Проектная деталь · материал и допуски уточнить,1,0.2670388313070505,9.0,6.000000000000012,9.00000000000001,2,parts/PLBP-D01-P182.pdf
183,PLBP-D01-P183,GuideBolt1,"Направляющая · крепёж M3, габарит 2",guide,Условный крепёж · стандарт и длина не утверждены,1,0.6658605629283461,3.000000000000001,12.000000000000004,3.000000000000005,1,parts/PLBP-D01-P183.pdf
184,PLBP-D01-P184,PowerCableSocket1,Основная батарея · габарит разъёма,guide,Габарит / резерв / условная укладка,1,2,6.0,4.0,4.000000000000002,1,parts/PLBP-D01-P184.pdf
185,PLBP-D01-P185,MainHarness0,Провод питания · трассировка +,guide,Габарит / резерв / условная укладка,1,2,24.65,27.299999999999997,13.3,1,parts/PLBP-D01-P185.pdf
186,PLBP-D01-P186,MainHarness1,Провод питания · трассировка −,guide,Габарит / резерв / условная укладка,1,2,28.65,27.299999999999997,13.3,1,parts/PLBP-D01-P186.pdf
187,PLBP-D01-P187,M01FeatherManufacturer,"M01 · Feather RP2040, CAD изготовителя Adafruit",mission,Покупная сборка · габарит по CAD изготовителя,1,10,51.946000000000005,22.86,6.37,1,parts/PLBP-D01-P187.pdf
