position,drawing_id,feature,surface,diameter_mm,axis_point_mm,axis_unit
3,PLBP-D01-P003,C01,internal,3.4,"[10.5, 4.0, 22.25]","[0.0, 0.0, 1.0]"
3,PLBP-D01-P003,C02,internal,3.4,"[10.5, 75.0, 22.25]","[0.0, 0.0, 1.0]"
3,PLBP-D01-P003,C03,internal,3.4,"[82.5, 4.0, 22.25]","[0.0, 0.0, 1.0]"
3,PLBP-D01-P003,C04,internal,3.4,"[82.5, 75.0, 22.25]","[0.0, 0.0, 1.0]"
5,PLBP-D01-P005,C01,internal,3.4,"[9.0, 4.0, 1.25]","[0.0, 0.0, 1.0]"
5,PLBP-D01-P005,C02,internal,3.4,"[9.0, 75.0, 1.25]","[0.0, 0.0, 1.0]"
5,PLBP-D01-P005,C03,internal,3.4,"[71.0, 4.0, 1.25]","[0.0, 0.0, 1.0]"
5,PLBP-D01-P005,C04,internal,3.4,"[71.0, 75.0, 1.25]","[0.0, 0.0, 1.0]"
24,PLBP-D01-P024,C01,internal,3.4,"[8.0, 4.0, 0.9999999999999996]","[0.0, 0.0, 1.0]"
24,PLBP-D01-P024,C02,internal,3.4,"[8.0, 75.0, 0.9999999999999996]","[0.0, 0.0, 1.0]"
24,PLBP-D01-P024,C03,internal,3.4,"[80.0, 4.0, 0.9999999999999996]","[0.0, 0.0, 1.0]"
24,PLBP-D01-P024,C04,internal,3.4,"[80.0, 75.0, 0.9999999999999996]","[0.0, 0.0, 1.0]"
24,PLBP-D01-P024,C05,internal,6.4,"[8.0, 4.0, 4.25]","[0.0, 0.0, 1.0]"
24,PLBP-D01-P024,C06,internal,6.4,"[8.0, 75.0, 4.25]","[0.0, 0.0, 1.0]"
24,PLBP-D01-P024,C07,internal,6.4,"[80.0, 4.0, 4.25]","[0.0, 0.0, 1.0]"
24,PLBP-D01-P024,C08,internal,6.4,"[80.0, 75.0, 4.25]","[0.0, 0.0, 1.0]"
25,PLBP-D01-P025,C01,internal,3.4,"[8.0, 4.0, 33.25]","[0.0, 0.0, 1.0]"
25,PLBP-D01-P025,C02,internal,3.4,"[8.0, 62.0, 33.25]","[0.0, 0.0, 1.0]"
25,PLBP-D01-P025,C03,internal,3.4,"[104.0, 4.0, 33.25]","[0.0, 0.0, 1.0]"
25,PLBP-D01-P025,C04,internal,3.4,"[104.0, 62.0, 33.25]","[0.0, 0.0, 1.0]"
41,PLBP-D01-P041,C01,internal,3.4,"[12.0, 11.0, 1.5]","[0.0, 0.0, 1.0]"
41,PLBP-D01-P041,C02,internal,3.4,"[12.0, 69.0, 1.5]","[0.0, 0.0, 1.0]"
41,PLBP-D01-P041,C03,internal,3.4,"[31.0, 4.5, 1.5]","[0.0, 0.0, 1.0]"
41,PLBP-D01-P041,C04,internal,3.4,"[31.0, 75.5, 1.5]","[0.0, 0.0, 1.0]"
41,PLBP-D01-P041,C05,internal,3.4,"[103.0, 4.5, 1.5]","[0.0, 0.0, 1.0]"
41,PLBP-D01-P041,C06,internal,3.4,"[103.0, 75.5, 1.5]","[0.0, 0.0, 1.0]"
41,PLBP-D01-P041,C07,internal,3.4,"[127.0, 11.0, 1.5]","[0.0, 0.0, 1.0]"
41,PLBP-D01-P041,C08,internal,3.4,"[127.0, 69.0, 1.5]","[0.0, 0.0, 1.0]"
41,PLBP-D01-P041,C09,internal,3.4,"[149.0, 4.5, 1.5]","[0.0, 0.0, 1.0]"
41,PLBP-D01-P041,C10,internal,3.4,"[149.0, 75.5, 1.5]","[0.0, 0.0, 1.0]"
41,PLBP-D01-P041,C11,internal,3.4,"[211.0, 4.5, 1.5]","[0.0, 0.0, 1.0]"
41,PLBP-D01-P041,C12,internal,3.4,"[211.0, 75.5, 1.5]","[0.0, 0.0, 1.0]"
41,PLBP-D01-P041,C13,internal,3.4,"[223.0, 11.0, 1.5]","[0.0, 0.0, 1.0]"
41,PLBP-D01-P041,C14,internal,3.4,"[223.0, 69.0, 1.5]","[0.0, 0.0, 1.0]"
41,PLBP-D01-P041,C15,internal,3.4,"[228.0, 11.0, 1.5]","[0.0, 0.0, 1.0]"
41,PLBP-D01-P041,C16,internal,3.4,"[228.0, 69.0, 1.5]","[0.0, 0.0, 1.0]"
51,PLBP-D01-P051,C01,external,100.0,"[154.86040054949387, 50.0, 50.0]","[1.0, 0.0, -0.0]"
51,PLBP-D01-P051,C02,internal,3.4,"[296.0, 49.99999999999999, 0.7646782909549827]","[-0.0, 0.0, 1.0]"
51,PLBP-D01-P051,C03,internal,3.400000000000001,"[296.0, 7.360961348164024, 74.61766044362436]","[-0.0, 0.8660254037844388, -0.4999999999999999]"
51,PLBP-D01-P051,C04,internal,3.400000000000001,"[296.0, 92.63903865183904, 74.61766044362612]","[0.0, 0.8660254037844388, 0.4999999999999999]"
51,PLBP-D01-P051,C05,internal,97.0,"[154.8591780418385, 50.0, 50.0]","[1.0, 0.0, -0.0]"
52,PLBP-D01-P052,C01,external,100.0,"[102.30000140350967, 50.0, 50.0]","[1.0, 0.0, -0.0]"
52,PLBP-D01-P052,C02,internal,3.4,"[13.799999999999955, 49.99999999999999, 0.7646782909549898]","[-0.0, 0.0, 1.0]"
52,PLBP-D01-P052,C03,internal,3.4,"[190.79999999999995, 49.99999999999999, 0.764678290954258]","[-0.0, 0.0, 1.0]"
52,PLBP-D01-P052,C04,internal,3.400000000000001,"[13.799999999999955, 7.360961348164114, 74.6176604436243]","[-0.0, 0.8660254037844388, -0.4999999999999999]"
52,PLBP-D01-P052,C05,internal,3.400000000000001,"[13.799999999999955, 92.63903865183818, 74.61766044362562]","[0.0, 0.8660254037844388, 0.4999999999999999]"
52,PLBP-D01-P052,C06,internal,3.400000000000001,"[190.79999999999995, 7.360961348163203, 74.61766044362483]","[-0.0, 0.8660254037844388, -0.4999999999999999]"
52,PLBP-D01-P052,C07,internal,3.400000000000001,"[190.79999999999995, 92.639038651839, 74.61766044362611]","[0.0, 0.8660254037844388, 0.4999999999999999]"
52,PLBP-D01-P052,C08,internal,97.0,"[102.30000140214622, 50.0, 50.0]","[1.0, 0.0, -0.0]"
53,PLBP-D01-P053,C01,external,100.0,"[137.3136671845249, 50.0, 50.0]","[1.0, 0.0, -0.0]"
53,PLBP-D01-P053,C02,internal,1.6,"[76.79999999999995, 0.7532497855148748, 50.00000000000001]","[-0.0, 1.0, -0.0]"
53,PLBP-D01-P053,C03,internal,1.6,"[76.79999999999995, 15.177288971937491, 84.82271102806251]","[-0.0, 0.707106781186548, -0.707106781186547]"
53,PLBP-D01-P053,C04,internal,1.6,"[76.79999999999995, 15.177288971937527, 15.177288971937537]","[-0.0, 0.707106781186548, 0.707106781186547]"
53,PLBP-D01-P053,C05,internal,1.6,"[76.79999999999995, 49.99999999999999, 0.7532497516404106]","[-0.0, 0.0, 1.0]"
53,PLBP-D01-P053,C06,internal,1.6,"[76.79999999999995, 50.0, 99.24675030951033]","[0.0, 0.0, 1.0]"
53,PLBP-D01-P053,C07,internal,1.6,"[76.79999999999995, 84.82271102806249, 15.177288971937502]","[0.0, 0.707106781186547, -0.707106781186548]"
53,PLBP-D01-P053,C08,internal,1.6,"[76.79999999999995, 84.82271102806251, 84.8227110280625]","[0.0, 0.707106781186548, 0.707106781186547]"
53,PLBP-D01-P053,C09,internal,1.6,"[76.79999999999995, 99.24675021448512, 50.0]","[0.0, 1.0, -0.0]"
53,PLBP-D01-P053,C10,internal,3.4,"[13.799999999999955, 49.99999999999999, 0.7646782909549898]","[-0.0, 0.0, 1.0]"
53,PLBP-D01-P053,C11,internal,3.4,"[260.79999999999995, 49.99999999999999, 0.7646782909549756]","[-0.0, 0.0, 1.0]"
53,PLBP-D01-P053,C12,internal,3.400000000000001,"[13.799999999999955, 7.360961348164114, 74.6176604436243]","[-0.0, 0.8660254037844388, -0.4999999999999999]"
53,PLBP-D01-P053,C13,internal,3.400000000000001,"[13.799999999999955, 92.63903865183818, 74.61766044362562]","[0.0, 0.8660254037844388, 0.4999999999999999]"
53,PLBP-D01-P053,C14,internal,3.400000000000001,"[114.79999999999995, 74.61766044362442, 92.63903865183606]","[0.0, 0.4999999999999999, 0.8660254037844388]"
53,PLBP-D01-P053,C15,internal,3.400000000000001,"[260.79999999999995, 7.36096134816157, 74.61766044362577]","[-0.0, 0.8660254037844388, -0.4999999999999999]"
53,PLBP-D01-P053,C16,internal,3.400000000000001,"[260.79999999999995, 92.63903865183767, 74.61766044362533]","[0.0, 0.8660254037844388, 0.4999999999999999]"
53,PLBP-D01-P053,C17,internal,97.0,"[137.31409015316, 50.0, 50.0]","[1.0, 0.0, -0.0]"
54,PLBP-D01-P054,C01,external,100.0,"[49.80000288555334, 50.0, 50.0]","[1.0, 0.0, -0.0]"
54,PLBP-D01-P054,C02,internal,3.4,"[13.799999999999955, 49.99999999999999, 0.7646782909540732]","[-0.0, 0.0, 1.0]"
54,PLBP-D01-P054,C03,internal,3.4,"[85.79999999999995, 49.99999999999999, 0.7646782909540946]","[-0.0, 0.0, 1.0]"
54,PLBP-D01-P054,C04,internal,3.400000000000001,"[13.799999999999955, 7.3609613481647616, 74.61766044362393]","[-0.0, 0.8660254037844388, -0.4999999999999999]"
54,PLBP-D01-P054,C05,internal,3.400000000000001,"[13.799999999999955, 92.639038651836, 74.61766044362437]","[0.0, 0.8660254037844388, 0.4999999999999999]"
54,PLBP-D01-P054,C06,internal,3.400000000000001,"[85.79999999999995, 7.3609613481618155, 74.61766044362562]","[-0.0, 0.8660254037844388, -0.4999999999999999]"
54,PLBP-D01-P054,C07,internal,3.400000000000001,"[85.79999999999995, 92.63903865183514, 74.61766044362386]","[0.0, 0.8660254037844388, 0.4999999999999999]"
54,PLBP-D01-P054,C08,internal,97.0,"[49.80000288303745, 50.0, 50.0]","[1.0, 0.0, -0.0]"
55,PLBP-D01-P055,C01,external,100.0,"[189.15354364529117, 50.0, 50.0]","[1.0, 0.0, -0.0]"
55,PLBP-D01-P055,C02,internal,3.4,"[13.799999999999955, 49.99999999999999, 0.7646782909540732]","[-0.0, 0.0, 1.0]"
55,PLBP-D01-P055,C03,internal,3.400000000000001,"[13.799999999999955, 7.3609613481647616, 74.61766044362393]","[-0.0, 0.8660254037844388, -0.4999999999999999]"
55,PLBP-D01-P055,C04,internal,3.400000000000001,"[13.799999999999955, 92.639038651836, 74.61766044362437]","[0.0, 0.8660254037844388, 0.4999999999999999]"
55,PLBP-D01-P055,C05,internal,3.400000000000001,"[259.79999999999995, 74.61766044362531, 92.63903865183761]","[0.0, 0.4999999999999999, 0.8660254037844388]"
55,PLBP-D01-P055,C06,internal,97.0,"[189.13006440814684, 50.0, 50.0]","[1.0, 0.0, -0.0]"
68,PLBP-D01-P068,C01,external,96.4,"[20.000007195989383, 48.2, 48.2]","[1.0, 0.0, -0.0]"
68,PLBP-D01-P068,C02,internal,3.4,"[6.0, 48.199999999999996, 0.6151863840846516]","[-0.0, 0.0, 1.0]"
68,PLBP-D01-P068,C03,internal,3.4,"[34.0, 48.199999999999996, 0.6151863840840761]","[-0.0, 0.0, 1.0]"
68,PLBP-D01-P068,C04,internal,3.400000000000001,"[6.0, 6.990343313222373, 71.99240638132312]","[-0.0, 0.8660254037844388, -0.4999999999999999]"
68,PLBP-D01-P068,C05,internal,3.400000000000001,"[6.0, 89.40965668677646, 71.99240638132245]","[0.0, 0.8660254037844388, 0.4999999999999999]"
68,PLBP-D01-P068,C06,internal,3.400000000000001,"[34.0, 6.9903433132262185, 71.9924063813209]","[-0.0, 0.8660254037844388, -0.4999999999999999]"
68,PLBP-D01-P068,C07,internal,3.400000000000001,"[34.0, 89.40965668677407, 71.99240638132108]","[0.0, 0.8660254037844388, 0.4999999999999999]"
68,PLBP-D01-P068,C08,internal,94.0,"[20.00000719047921, 48.2, 48.2]","[1.0, 0.0, -0.0]"
82,PLBP-D01-P082,C01,external,96.4,"[20.00000719599234, 48.2, 48.2]","[1.0, 0.0, -0.0]"
82,PLBP-D01-P082,C02,internal,3.4,"[6.0, 48.199999999999996, 0.6151863840846516]","[-0.0, 0.0, 1.0]"
82,PLBP-D01-P082,C03,internal,3.4,"[34.0, 48.199999999999996, 0.6151863840840761]","[-0.0, 0.0, 1.0]"
82,PLBP-D01-P082,C04,internal,3.400000000000001,"[6.0, 6.990343313222373, 71.99240638132312]","[-0.0, 0.8660254037844388, -0.4999999999999999]"
82,PLBP-D01-P082,C05,internal,3.400000000000001,"[6.0, 89.40965668677646, 71.99240638132245]","[0.0, 0.8660254037844388, 0.4999999999999999]"
82,PLBP-D01-P082,C06,internal,3.400000000000001,"[34.0, 6.9903433132262185, 71.9924063813209]","[-0.0, 0.8660254037844388, -0.4999999999999999]"
82,PLBP-D01-P082,C07,internal,3.400000000000001,"[34.0, 89.40965668677407, 71.99240638132108]","[0.0, 0.8660254037844388, 0.4999999999999999]"
82,PLBP-D01-P082,C08,internal,94.0,"[20.00000719048205, 48.2, 48.2]","[1.0, 0.0, -0.0]"
96,PLBP-D01-P096,C01,external,96.4,"[20.000007196144907, 48.2, 48.2]","[1.0, 0.0, -0.0]"
96,PLBP-D01-P096,C02,internal,3.4,"[6.0, 48.199999999999996, 0.6151863840840051]","[-0.0, 0.0, 1.0]"
96,PLBP-D01-P096,C03,internal,3.4,"[34.0, 48.199999999999996, 0.6151863840838772]","[-0.0, 0.0, 1.0]"
96,PLBP-D01-P096,C04,internal,3.400000000000001,"[6.0, 6.990343313223148, 71.99240638132268]","[-0.0, 0.8660254037844388, -0.4999999999999999]"
96,PLBP-D01-P096,C05,internal,3.400000000000001,"[6.0, 89.40965668677744, 71.99240638132301]","[0.0, 0.8660254037844388, 0.4999999999999999]"
96,PLBP-D01-P096,C06,internal,3.400000000000001,"[34.0, 6.990343313225033, 71.99240638132159]","[-0.0, 0.8660254037844388, -0.4999999999999999]"
96,PLBP-D01-P096,C07,internal,3.400000000000001,"[34.0, 89.40965668677497, 71.99240638132159]","[0.0, 0.8660254037844388, 0.4999999999999999]"
96,PLBP-D01-P096,C08,internal,94.0,"[20.000007190681117, 48.2, 48.2]","[1.0, 0.0, -0.0]"
110,PLBP-D01-P110,C01,external,96.4,"[20.000007196144907, 48.2, 48.2]","[1.0, 0.0, -0.0]"
110,PLBP-D01-P110,C02,internal,3.4,"[6.0, 48.199999999999996, 0.6151863840840051]","[-0.0, 0.0, 1.0]"
110,PLBP-D01-P110,C03,internal,3.4,"[34.0, 48.199999999999996, 0.6151863840838772]","[-0.0, 0.0, 1.0]"
110,PLBP-D01-P110,C04,internal,3.400000000000001,"[6.0, 6.990343313223148, 71.99240638132268]","[-0.0, 0.8660254037844388, -0.4999999999999999]"
110,PLBP-D01-P110,C05,internal,3.400000000000001,"[6.0, 89.40965668677744, 71.99240638132301]","[0.0, 0.8660254037844388, 0.4999999999999999]"
110,PLBP-D01-P110,C06,internal,3.400000000000001,"[34.0, 6.990343313225033, 71.99240638132159]","[-0.0, 0.8660254037844388, -0.4999999999999999]"
110,PLBP-D01-P110,C07,internal,3.400000000000001,"[34.0, 89.40965668677495, 71.99240638132157]","[0.0, 0.8660254037844388, 0.4999999999999999]"
110,PLBP-D01-P110,C08,internal,94.0,"[20.000007190681117, 48.2, 48.2]","[1.0, 0.0, -0.0]"
112,PLBP-D01-P112,C01,external,93.6,"[3.0000000000000004, 46.8, 46.8]","[1.0, 0.0, -0.0]"
112,PLBP-D01-P112,C02,internal,70.0,"[3.0, 46.8, 46.8]","[1.0, 0.0, -0.0]"
113,PLBP-D01-P113,C01,external,93.6,"[3.0000000000000004, 46.8, 46.8]","[1.0, 0.0, -0.0]"
113,PLBP-D01-P113,C02,internal,70.0,"[3.0, 46.8, 46.8]","[1.0, 0.0, -0.0]"
115,PLBP-D01-P115,C01,external,96.4,"[22.5, 48.2, 48.2]","[1.0, 0.0, -0.0]"
115,PLBP-D01-P115,C02,internal,93.4,"[22.5, 48.2, 48.2]","[1.0, 0.0, -0.0]"
116,PLBP-D01-P116,C01,external,93.0,"[1.5, 46.5, 46.5]","[1.0, 0.0, -0.0]"
116,PLBP-D01-P116,C02,internal,6.8,"[1.5, 46.5, 46.5]","[1.0, 0.0, -0.0]"
119,PLBP-D01-P119,C01,external,84.0,"[107.99999999999999, 42.0, 42.0]","[1.0, 0.0, -0.0]"
119,PLBP-D01-P119,C02,internal,80.0,"[108.0, 42.0, 42.0]","[1.0, 0.0, -0.0]"
120,PLBP-D01-P120,C01,external,84.0,"[1.0, 42.0, 42.0]","[1.0, 0.0, -0.0]"
120,PLBP-D01-P120,C02,internal,2.4,"[1.0, 6.0, 42.00000000000001]","[1.0, 0.0, -0.0]"
120,PLBP-D01-P120,C03,internal,2.4,"[1.0, 41.99999999999999, 6.0]","[1.0, 0.0, -0.0]"
120,PLBP-D01-P120,C04,internal,2.4,"[1.0, 42.0, 78.0]","[1.0, 0.0, -0.0]"
120,PLBP-D01-P120,C05,internal,2.4,"[1.0, 78.0, 42.0]","[1.0, 0.0, -0.0]"
121,PLBP-D01-P121,C01,external,84.0,"[1.0, 42.0, 42.0]","[1.0, 0.0, -0.0]"
121,PLBP-D01-P121,C02,internal,2.4,"[1.0, 6.0, 42.00000000000001]","[1.0, 0.0, -0.0]"
121,PLBP-D01-P121,C03,internal,2.4,"[1.0, 41.99999999999999, 6.0]","[1.0, 0.0, -0.0]"
121,PLBP-D01-P121,C04,internal,2.4,"[1.0, 42.0, 78.0]","[1.0, 0.0, -0.0]"
121,PLBP-D01-P121,C05,internal,2.4,"[1.0, 78.0, 42.0]","[1.0, 0.0, -0.0]"
122,PLBP-D01-P122,C01,external,5.0,"[108.00000000000001, 2.5, 2.5]","[1.0, 0.0, -0.0]"
122,PLBP-D01-P122,C02,internal,2.4,"[2.5, 2.5, 2.5]","[1.0, 0.0, -0.0]"
122,PLBP-D01-P122,C03,internal,2.4,"[214.5, 2.5, 2.5]","[1.0, 0.0, -0.0]"
125,PLBP-D01-P125,C01,external,5.0,"[108.00000000000001, 2.5, 2.5]","[1.0, 0.0, -0.0]"
125,PLBP-D01-P125,C02,internal,2.4,"[2.5, 2.5, 2.5]","[1.0, 0.0, -0.0]"
125,PLBP-D01-P125,C03,internal,2.4,"[214.5, 2.5, 2.5]","[1.0, 0.0, -0.0]"
128,PLBP-D01-P128,C01,external,5.0,"[108.00000000000001, 2.5, 2.5]","[1.0, 0.0, -0.0]"
128,PLBP-D01-P128,C02,internal,2.4,"[2.5, 2.5, 2.5]","[1.0, 0.0, -0.0]"
128,PLBP-D01-P128,C03,internal,2.4,"[214.5, 2.5, 2.5]","[1.0, 0.0, -0.0]"
131,PLBP-D01-P131,C01,external,5.0,"[108.00000000000001, 2.5, 2.5]","[1.0, 0.0, -0.0]"
131,PLBP-D01-P131,C02,internal,2.4,"[2.5, 2.5, 2.5]","[1.0, 0.0, -0.0]"
131,PLBP-D01-P131,C03,internal,2.4,"[214.5, 2.5, 2.5]","[1.0, 0.0, -0.0]"
135,PLBP-D01-P135,C01,external,93.6,"[3.0000000000000004, 46.8, 46.8]","[1.0, 0.0, -0.0]"
135,PLBP-D01-P135,C02,internal,60.0,"[3.0, 46.8, 46.8]","[1.0, 0.0, -0.0]"
154,PLBP-D01-P154,C01,external,5.0,"[2.5, 2.5, 1.0]","[0.0, 0.0, 1.0]"
155,PLBP-D01-P155,C01,external,5.0,"[2.5, 2.5, 1.0]","[0.0, 0.0, 1.0]"
156,PLBP-D01-P156,C01,external,5.0,"[2.5, 2.5, 1.0]","[0.0, 0.0, 1.0]"
157,PLBP-D01-P157,C01,external,5.0,"[2.5, 2.5, 1.0]","[0.0, 0.0, 1.0]"
158,PLBP-D01-P158,C01,internal,3.4,"[5.0, 4.0, 0.8000000000000007]","[0.0, 0.0, 1.0]"
158,PLBP-D01-P158,C02,internal,3.4,"[5.0, 54.0, 0.8000000000000007]","[0.0, 0.0, 1.0]"
158,PLBP-D01-P158,C03,internal,3.4,"[83.0, 4.0, 0.8000000000000007]","[0.0, 0.0, 1.0]"
158,PLBP-D01-P158,C04,internal,3.4,"[83.0, 54.0, 0.8000000000000007]","[0.0, 0.0, 1.0]"
170,PLBP-D01-P170,C01,external,58.0,"[187.5, 29.0, 29.0]","[1.0, 0.0, -0.0]"
170,PLBP-D01-P170,C02,internal,54.8,"[187.5, 29.0, 29.0]","[1.0, 0.0, -0.0]"
171,PLBP-D01-P171,C01,external,93.6,"[3.0000000000000004, 46.8, 46.8]","[1.0, 0.0, -0.0]"
171,PLBP-D01-P171,C02,internal,8.0,"[3.0, 9.799999999999997, 46.800000000000004]","[1.0, 0.0, -0.0]"
171,PLBP-D01-P171,C03,internal,8.0,"[3.0, 65.3, 14.757060059975771]","[1.0, 0.0, -0.0]"
171,PLBP-D01-P171,C04,internal,8.0,"[3.0, 65.3, 78.84293994002422]","[1.0, 0.0, -0.0]"
171,PLBP-D01-P171,C05,internal,58.2,"[3.0, 46.8, 46.8]","[1.0, 0.0, -0.0]"
172,PLBP-D01-P172,C01,external,96.6,"[3.0000000000000004, 48.3, 48.3]","[1.0, 0.0, -0.0]"
172,PLBP-D01-P172,C02,internal,8.0,"[3.0, 11.299999999999997, 48.300000000000004]","[1.0, 0.0, -0.0]"
172,PLBP-D01-P172,C03,internal,8.0,"[3.0, 66.8, 16.25706005997577]","[1.0, 0.0, -0.0]"
172,PLBP-D01-P172,C04,internal,8.0,"[3.0, 66.8, 80.34293994002422]","[1.0, 0.0, -0.0]"
172,PLBP-D01-P172,C05,internal,58.2,"[3.0, 48.3, 48.3]","[1.0, 0.0, -0.0]"
174,PLBP-D01-P174,C01,external,96.6,"[1.5000000000000002, 48.3, 48.3]","[1.0, 0.0, -0.0]"
174,PLBP-D01-P174,C02,internal,58.2,"[1.5, 48.3, 48.3]","[1.0, 0.0, -0.0]"
178,PLBP-D01-P178,C01,external,14.000000000000004,"[7.0, 1.8647942890075484, 7.0000000000000435]","[0.0, 1.0, 3.3306690738754696e-16]"
178,PLBP-D01-P178,C02,internal,3.400000000000001,"[7.0, 1.9851808294324087, 7.00000000000005]","[0.0, 1.0, 3.3306690738754696e-16]"
178,PLBP-D01-P178,C03,internal,100.0,"[7.000283547110257, -49.50757517794624, 7.000000000000046]","[1.0, -0.0, -0.0]"
179,PLBP-D01-P179,C01,external,5.6000000000000005,"[4.5, 3.000000000000007, 4.500000000000005]","[0.0, 1.0, 3.3306690738754696e-16]"
179,PLBP-D01-P179,C02,external,9.000000000000002,"[4.5, 0.7500000000000072, 4.500000000000001]","[0.0, 1.0, 3.3306690738754696e-16]"
179,PLBP-D01-P179,C03,external,9.000000000000002,"[4.5, 5.250000000000007, 4.500000000000008]","[0.0, 1.0, 3.3306690738754696e-16]"
179,PLBP-D01-P179,C04,internal,3.400000000000001,"[4.5, 3.0, 4.500000000000002]","[0.0, 1.0, 3.3306690738754696e-16]"
181,PLBP-D01-P181,C01,external,14.000000000000004,"[7.0, 1.8647942887319218, 7.0000000000000435]","[0.0, 1.0, 3.3306690738754696e-16]"
181,PLBP-D01-P181,C02,internal,3.400000000000001,"[7.0, 1.9851808294317337, 7.00000000000005]","[0.0, 1.0, 3.3306690738754696e-16]"
181,PLBP-D01-P181,C03,internal,100.0,"[7.000283550411041, -49.50757517794624, 7.000000000000046]","[1.0, -0.0, -0.0]"
182,PLBP-D01-P182,C01,external,5.6000000000000005,"[4.5, 3.000000000000007, 4.500000000000005]","[0.0, 1.0, 3.3306690738754696e-16]"
182,PLBP-D01-P182,C02,external,9.000000000000002,"[4.5, 0.7500000000000072, 4.500000000000001]","[0.0, 1.0, 3.3306690738754696e-16]"
182,PLBP-D01-P182,C03,external,9.000000000000002,"[4.5, 5.250000000000007, 4.500000000000008]","[0.0, 1.0, 3.3306690738754696e-16]"
182,PLBP-D01-P182,C04,internal,3.400000000000001,"[4.5, 3.0, 4.500000000000002]","[0.0, 1.0, 3.3306690738754696e-16]"
