step,title,depends_on,operation,tools,hold_point,acceptance,positions,status
A00,Зафиксировать конфигурацию,—,"Принять D01 и комплект DW01. Проверить сезонное задание, массу макета, двигатель и направляющую. Заполнить лист изменений; назначить ответственных.",Нет,"H0: силовые чертежи, материалы, допуски и электрическая схема пока не выпущены. До закрытия — только примерочная сборка.",Ведомость ревизий и открытых вопросов подписана командой.,,PLANNED_NOT_EXECUTED
A10,Входной контроль,A00,"Сверить каждую позицию с каталогом P001–P187. Измерить размеры и массу; проверить дефекты, материалы и фактические разъёмы. Наклеить съёмные номера на пакеты деталей.",Штангенциркуль; весы с известной погрешностью; маркировка,Не подменять покупной компонент его CAD-габаритом; условные крепежи и складки не изготавливать как показанные тела.,187 позиций сопоставлены с ведомостью; расхождения записаны.,,PLANNED_NOT_EXECUTED
A20,Носовой узел,A10,"Примерить оболочку, юбку, переборку и интерфейс возврата по листам. Проверить соосность и доступ к креплению. Сохранить возможность осмотра соединения изнутри.",Калибр диаметра; мерительная оснастка,"H1: соединение переборки, удержание юбки и силовой путь от рымового интерфейса требуют расчёта и утверждения.",Сухая примерка без заеданий; соединения доступны; окончательная фиксация не выполнена до H1.,114;115;116;117;118,PLANNED_NOT_EXECUTED
A30,Макет полезной нагрузки,A10,"Собрать оболочку, торцы и стойки примерочно; проверить положение опоры и башмаков. Зарезервированный объём заполнить только после разработки собственной системы спасения и балансировки.",Калибр Ø84×220; весы,"H2: согласовать 1000/1500 г и разместить собственное спасение внутри согласованного габарита. PayloadCore — расчётный резерв, не деталь балласта.",Установлен состав макета; закрывается и извлекается без зацепов; фактическая масса учтена вместе со спасением.,119;120;121;122;123;124;125;126;127;128;129;130;131;132;133;134;135;136;137;138,PLANNED_NOT_EXECUTED
A40,Моторный отсек и стабилизаторы,A10,"Использовать инертный размерный заменитель выбранного покупного двигателя. Примерить трубу, кольца, задний интерфейс и три пера с корнями; проверить ориентацию 120° и проход через прорези.",Угловой шаблон; инертный габарит; контрольный калибр,"H3: удержание двигателя, тепловая защита, крепление колец и корней не выпущены. Не назначать клей/момент затяжки по картинке.",Хвостовая сборка совпадает с интерфейсом поставщика; подтверждён силовой путь и доступ для повторного обслуживания.,170;171;172;173;174;175;176;177,PLANNED_NOT_EXECUTED
A50,Основной борт и самописец,A10,"Установить опоры на лоток; примерить кассету самописца, держатель основного питания, корпус и крышку борта. Вложить фактический самописец или максимальный калибр 85×31×19. Разложить промаркированный жгут; питание отключено.",Калибр прибора; ручной инструмент; бирки проводов,"H4: выбрать платы, ленты, разъёмы и полную схему. Удержание, ударная и тепловая защита прибора требуют подтверждения.",Нет перекрытия каналов давления и защемления проводов; USB/память и крепёж доступны.,001;002;003;004;005;006;007;008;009;010;011;012;013;014;015;016;017;018;019;020;021;022;023;024;041;112;113;152;153;154;155;156;157;158;159;160;161;162;163;164;184;185;186,PLANNED_NOT_EXECUTED
A60,Автономная кассета поиска M01,A10,"Примерить кассету, ложемент, крышку батареи, полку, плату Feather и излучатель. Проверить полярность по схеме и документации реальных компонентов; цепь питания соединить только на контролируемом стенде после осмотра.",Реальные платы и батарея; мультиметр; стенд M01,"H5: наружный звуковой тракт, доступ выключателя/индикатора и аппаратная проверка M01 открыты. Внутренние окна не обеспечивают звук снаружи.",Кабели не тянут разъёмы; батарея не обжата; программа проходит аппаратные проверки; звук проверен в закрытом корпусе.,025;026;027;028;029;030;031;032;033;034;035;036;037;038;039;040;042;043;044;045;046;047;048;049;187,PLANNED_NOT_EXECUTED
A70,Блок управления спасением,A10,"Примерить опору, корпус, крышку и плату размещения. После выбора аппаратуры проверить разъёмы и блокировки на безопасных светодиодных эквивалентах исполнительных каналов.",Макеты разъёмов; LED-стенд,"H6: законченная схема, питание и исполнительные интерфейсы не разработаны. Концептуальная плата не является готовым контроллером.",Подтверждена таблица состояний и отсутствие команды при блокировке; результаты записаны.,050;165;166;167;168;169,PLANNED_NOT_EXECUTED
A80,Система спасения,"A20,A30,A40","По утверждённому проекту примерить реальные купола, фалы и точки крепления носителя и макета. Проверить независимость двух комплектов, порядок укладки и выход без зацепов на инертном стенде.",Реальные купола/фалы; измеритель усилия; видео,"H7: раскрой, фалы, раскрытие, отделение и допустимые усилия не выпущены. Восемь складок CAD — иллюстрация, не инструкция укладки.",Есть согласованный состав и проверенные крепления; измерена укладка и усилие извлечения.,139;140;141;142;143;144;145;146;147;148;149;150;151,PLANNED_NOT_EXECUTED
A90,Корпус и стыки,"A20,A30,A40,A50,A60,A70,A80",Примерить секции и втулки по станциям X610/815/1090/1190. До закрытия проверить доступ к ответным элементам крепежа. Провести примерку кассеты через внутренние втулки и смену батарей. Финальное закрытие — после A110.,Калибры; инструмент под выбранный крепёж; секундомер,"H8: закладные гайки и их фиксация открыты. Радиальные зазоры 0,3/0,2 мм номинальные, без утверждённых допусков.","Нет усилий от перекоса, повреждений и зажатого жгута; определён фактический порядок установки закладных.",051;052;053;054;055;056;057;058;059;060;061;062;063;064;065;066;067;068;069;070;071;072;073;074;075;076;077;078;079;080;081;082;083;084;085;086;087;088;089;090;091;092;093;094;095;096;097;098;099;100;101;102;103;104;105;106;107;108;109;110;111,PLANNED_NOT_EXECUTED
A100,Направляющие,"A40,A90",Примерить площадки и ползуны к реальной рельсе. Сверить станции X930/1450 и угол 60°; проверить проход инертной сборки по всей рабочей длине.,Рельса организаторов либо согласованный образец,H9: CAD-ползун не гарантирует совместимость с Т-пазом 30×30. Окончательная геометрия зависит от рельсы.,Проход без заеданий; крепление проверено; изменения перенесены в CAD и расчёт массы.,178;179;180;181;182;183,PLANNED_NOT_EXECUTED
A110,Проверка перед закрытием,"A50,A60,A70,A80,A90,A100","Осмотреть все соединения, кабели, маркировку и крепёж; сфотографировать внутренность. Проверить изоляцию жгута и отсутствие посторонних предметов. После проверки отключить стендовое питание и закрыть отсеки по утверждённой карте крепежа.",Карта соединений; мультиметр; фотопротокол,Ни одна открытая H1–H9 не может быть закрыта фактом красивой сборки. Значения затяжки назначаются только после выбора соединений.,Контрольная ведомость подписана; все изменения и доступ к батареям проверены.,,PLANNED_NOT_EXECUTED
A120,"Масса, CG и обслуживание",A110,"Взвесить завершённую инертную конфигурацию, определить CG повторными балансировками. Выполнить три замены батареи с таймером; перенести измеренные данные в ведомость и ORK.",Весы; опоры для балансировки; секундомер,Результаты симуляции со справочным двигателем не заменяют пересчёт под фактический мотор и массу.,Каждая смена батареи ≤5 мин; масса/CG имеют оценку погрешности; ORK соответствует конфигурации.,,PLANNED_NOT_EXECUTED
A130,Наземная квалификация и комплектность,A120,"Выполнить программу наземных проверок: питание, запись/радио, давление, M01, соединения, извлечение и спасение. Обновить документацию и предъявить изделие комиссии. Двигатель и пусковые операции — только по отдельной согласованной процедуре и инструкции изготовителя.",Утверждённые стенды; журнал испытаний,H10: физических испытаний и допуска нет. Не переходить от примерки непосредственно к запуску.,"Есть свидетельства выполнения требований, закрыты замечания и определена готовность к повторному применению.",,PLANNED_NOT_EXECUTED
