component,mass_g,cg_x_mm,cg_y_mm,cg_z_mm,material,mass_source
Обтекатель: оболочка,87.10481107706167,201.48477275069584,-1.2711137949707933e-14,1.0863047908710825e-13,Полимер обтекателя (марка не выбрана),CAD_volume_times_assumed_density
Посадочная юбка,25.557806568730776,322.49999999999966,-5.0651140133750786e-14,-1.2726616750531609e-13,Полимер обтекателя (марка не выбрана),CAD_volume_times_assumed_density
Корпус с вентиляцией,1090.5235157438985,935.0017601143876,-1.0977958964487608e-09,-1.6696755737704004e-09,Стеклопластик / эпоксидный ламинат (принятая плотность),CAD_volume_times_assumed_density
Макет нагрузки: габарит,1500,475.0,-1.939950267494368e-15,1.718745261631771e-14,Сборный конкурсный макет с собственным спасением,design_payload_target
Спасение: упаковочный объём,300,715.0,-7.298212964279835e-17,3.2276853033727995e-14,"Готовый парашют, фал, защита — упаковочный объём",assigned
Примерочный лоток электроники,98.36644169853103,944.9999999999997,8.873256788963849e-16,3.2056352327882043e-18,Стеклопластик / эпоксидный ламинат (принятая плотность),CAD_volume_times_assumed_density
Опора лотка 1,14.208,945.0,39.0,0.0,Стеклопластик / эпоксидный ламинат (принятая плотность),CAD_volume_times_assumed_density
Опора лотка 2,14.208,945.0,-39.0,0.0,Стеклопластик / эпоксидный ламинат (принятая плотность),CAD_volume_times_assumed_density
Опорное кольцо электроники 1,38.63398384334011,821.9999999999999,-2.121395361214543e-15,1.3936457229802065e-15,Стеклопластик / эпоксидный ламинат (принятая плотность),CAD_volume_times_assumed_density
Опорное кольцо электроники 2,38.63398384334011,1068.0,-2.121395361214543e-15,1.3936457229802065e-15,Стеклопластик / эпоксидный ламинат (принятая плотность),CAD_volume_times_assumed_density
Предварительная опора макета,49.9672793411653,602.9999999999998,-2.3949927568460944e-15,-2.343664480923711e-14,Стеклопластик / эпоксидный ламинат (принятая плотность),CAD_volume_times_assumed_density
Основной борт,180,897.5,0.0,10.0,Сборный электронный модуль / батарея — габарит,assigned
Самописец организатора,30,892.0,0.0,-13.0,Сборный электронный модуль / батарея — габарит,regulation_reference
Основное питание,100,1005.0,0.0,15.0,Сборный электронный модуль / батарея — габарит,assigned
Независимый поиск,80,975.0,0.0,-12.0,Сборный электронный модуль / батарея — габарит,assigned
Питание поиска,40,1027.5,0.0,-12.0,Сборный электронный модуль / батарея — габарит,assigned
Управление спасением + питание,150,1135.0,0.0,-1.7763568394002505e-15,Сборный электронный модуль / батарея — габарит,assigned
Направляющая двигателя: концепт,196.6762664853356,1382.4999999999986,-9.988441138280719e-15,2.1900796596206237e-14,Стеклопластик / эпоксидный ламинат (принятая плотность),CAD_volume_times_assumed_density
Опорное кольцо двигателя 1,51.82210391817858,1203.0000000000005,-4.00375381462881e-15,-7.792343750164231e-16,Стеклопластик / эпоксидный ламинат (принятая плотность),CAD_volume_times_assumed_density
Опорное кольцо двигателя 2,51.82210391817858,1548.0000000000002,-4.00375381462881e-15,-7.792343750164231e-16,Стеклопластик / эпоксидный ламинат (принятая плотность),CAD_volume_times_assumed_density
K535W: паспортный габарит,1264,1391.0,1.1421108937220431e-15,3.847857731510851e-14,Покупной двигатель — масса по паспорту,manufacturer_reference
Стабилизатор 1,88.52250000000001,1436.551724137931,98.04597701149427,3.8014407597614556e-17,Стеклопластик / эпоксидный ламинат (принятая плотность),CAD_volume_times_assumed_density
Стабилизатор 2,88.52250000000001,1436.5517241379314,-49.022988505747115,84.91030683081914,Стеклопластик / эпоксидный ламинат (принятая плотность),CAD_volume_times_assumed_density
Стабилизатор 3,88.52250000000006,1436.5517241379314,-49.022988505747215,-84.91030683081911,Стеклопластик / эпоксидный ламинат (принятая плотность),CAD_volume_times_assumed_density
Клей/крепёж/маркировка: резерв,120,950,0,0,unmodelled,assigned
