name,label,group,kind,source,material,density_g_cm3,mass_g,volume_mm3,cg_mm,bbox_mm,bucket,solids
GuideRail0,E01 боковая опора 1,avionics,structure,E02_verified_geometry,GFRP assumed rho1.85,1.85,14.208,7680.0,"[945.0, -42.0, 0.0]","[825.0, -44.0, -4.0, 1065.0, -40.0, 4.0]",existing,1
GuideRail1,E01 боковая опора 2,avionics,structure,E02_verified_geometry,GFRP assumed rho1.85,1.85,14.208,7680.0,"[945.0, 42.0, 0.0]","[825.0, 40.0, -4.0, 1065.0, 44.0, 4.0]",existing,1
LoggerMount3,Кассета самописца: открытые каналы давления,avionics,structure,E02_verified_geometry,PETG prototype rho1.27,1.27,30.902539124835304,24332.707972311262,"[891.9999999999987, 1.1671694404358386e-15, -9.044120661550563]","[845.5, -39.5, -25.0, 938.5, 39.5, -1.5]",existing,1
LoggerLidWindow1,Решётчатая крышка самописца: фиксация двумя лентами,avionics,structure,E02_verified_geometry,PETG prototype rho1.27,1.27,6.4389,5070.0,"[892.0, 1.3592020342896148e-16, -26.0]","[845.5, -19.5, -27.0, 938.5, 19.5, -25.0]",existing,1
BatteryStrapSlot3,"Держатель основной батареи: бортики, вывод провода, две ленты",avionics,structure,E02_verified_geometry,PETG prototype rho1.27,1.27,19.795754124835284,15587.207972311247,"[1005.304352133393, 1.8671612330080583e-15, 3.899019120795394]","[965.0, -39.5, 1.5, 1045.0, 39.5, 10.0]",existing,1
LoggerBolt0,Logger M3×10: условный крепёж 1,avionics,fastener,E02_verified_geometry,Nominal steel fastener rho7.85,7.85,1.01891463029437,129.7980420757159,"[856.0, -35.5, 1.3235840836479766]","[853.2, -38.3, -6.5, 858.8, -32.7, 5.9]",existing,1
LoggerNut0,Logger гайка M3: цилиндрический габарит 1,avionics,fastener,E02_verified_geometry,Nominal steel fastener rho7.85,7.85,0.4531551053262432,57.726765009712516,"[856.0, -35.50000000000001, -5.249999999999999]","[852.8, -38.7, -6.5, 859.2, -32.3, -4.0]",existing,1
LoggerBolt1,Logger M3×10: условный крепёж 2,avionics,fastener,E02_verified_geometry,Nominal steel fastener rho7.85,7.85,1.01891463029437,129.7980420757159,"[856.0, 35.5, 1.3235840836479766]","[853.2, 32.7, -6.5, 858.8, 38.3, 5.9]",existing,1
LoggerNut1,Logger гайка M3: цилиндрический габарит 2,avionics,fastener,E02_verified_geometry,Nominal steel fastener rho7.85,7.85,0.4531551053262432,57.726765009712516,"[856.0, 35.50000000000001, -5.249999999999999]","[852.8, 32.3, -6.5, 859.2, 38.7, -4.0]",existing,1
LoggerBolt2,Logger M3×10: условный крепёж 3,avionics,fastener,E02_verified_geometry,Nominal steel fastener rho7.85,7.85,1.01891463029437,129.7980420757159,"[927.9999999999999, -35.5, 1.3235840836479766]","[925.2, -38.3, -6.5, 930.8, -32.7, 5.9]",existing,1
LoggerNut2,Logger гайка M3: цилиндрический габарит 3,avionics,fastener,E02_verified_geometry,Nominal steel fastener rho7.85,7.85,0.4531551053262432,57.726765009712516,"[928.0, -35.50000000000001, -5.249999999999999]","[924.8, -38.7, -6.5, 931.2, -32.3, -4.0]",existing,1
LoggerBolt3,Logger M3×10: условный крепёж 4,avionics,fastener,E02_verified_geometry,Nominal steel fastener rho7.85,7.85,1.01891463029437,129.7980420757159,"[927.9999999999999, 35.5, 1.3235840836479766]","[925.2, 32.7, -6.5, 930.8, 38.3, 5.9]",existing,1
LoggerNut3,Logger гайка M3: цилиндрический габарит 4,avionics,fastener,E02_verified_geometry,Nominal steel fastener rho7.85,7.85,0.4531551053262432,57.726765009712516,"[928.0, 35.50000000000001, -5.249999999999999]","[924.8, 32.3, -6.5, 931.2, 38.7, -4.0]",existing,1
BatteryBolt0,Battery M3×10: условный крепёж 1,avionics,fastener,E02_verified_geometry,Nominal steel fastener rho7.85,7.85,1.01891463029437,129.7980420757159,"[973.9999999999999, -35.5, 1.823584083647976]","[971.2, -38.3, -6.0, 976.8, -32.7, 6.4]",existing,1
BatteryNut0,Battery гайка M3: цилиндрический габарит 1,avionics,fastener,E02_verified_geometry,Nominal steel fastener rho7.85,7.85,0.4531551053262432,57.726765009712516,"[974.0000000000001, -35.50000000000001, -2.7500000000000004]","[970.8, -38.7, -4.0, 977.2, -32.3, -1.5]",existing,1
BatteryBolt1,Battery M3×10: условный крепёж 2,avionics,fastener,E02_verified_geometry,Nominal steel fastener rho7.85,7.85,1.01891463029437,129.7980420757159,"[973.9999999999999, 35.5, 1.823584083647976]","[971.2, 32.7, -6.0, 976.8, 38.3, 6.4]",existing,1
BatteryNut1,Battery гайка M3: цилиндрический габарит 2,avionics,fastener,E02_verified_geometry,Nominal steel fastener rho7.85,7.85,0.4531551053262432,57.726765009712516,"[974.0000000000001, 35.50000000000001, -2.7500000000000004]","[970.8, 32.3, -4.0, 977.2, 38.7, -1.5]",existing,1
BatteryBolt2,Battery M3×10: условный крепёж 3,avionics,fastener,E02_verified_geometry,Nominal steel fastener rho7.85,7.85,1.018914630294359,129.79804207571453,"[1036.0, -35.49999999999999, 1.8235840836479933]","[1033.2, -38.3, -6.0, 1038.8, -32.7, 6.4]",existing,1
BatteryNut2,Battery гайка M3: цилиндрический габарит 3,avionics,fastener,E02_verified_geometry,Nominal steel fastener rho7.85,7.85,0.45315510532624326,57.72676500971252,"[1036.0, -35.5, -2.7499999999999996]","[1032.8, -38.7, -4.0, 1039.2, -32.3, -1.5]",existing,1
BatteryBolt3,Battery M3×10: условный крепёж 4,avionics,fastener,E02_verified_geometry,Nominal steel fastener rho7.85,7.85,1.018914630294359,129.79804207571453,"[1036.0, 35.49999999999999, 1.8235840836479933]","[1033.2, 32.7, -6.0, 1038.8, 38.3, 6.4]",existing,1
BatteryNut3,Battery гайка M3: цилиндрический габарит 4,avionics,fastener,E02_verified_geometry,Nominal steel fastener rho7.85,7.85,0.45315510532624326,57.72676500971252,"[1036.0, 35.5, -2.7499999999999996]","[1032.8, 32.3, -4.0, 1039.2, 38.7, -1.5]",existing,1
Logger,Самописец организатора · габарит A04,avionics,reference,E02_verified_geometry,Assembly: assigned mass; density N/A,,30,45360.0,"[892.0, 0.0, -14.5]","[850.0, -15.0, -23.5, 934.0, 15.0, -5.5]",existing,1
MainPower,Основное питание · габарит A04,avionics,reference,E02_verified_geometry,Assembly: assigned mass; density N/A,,100,61600.0,"[1005.0, 0.0, 16.0]","[970.0, -20.0, 5.0, 1040.0, 20.0, 27.0]",existing,1
MainHeadClearance3,E02 опора основного блока: общий крепёж с кассетой самописца,avionics,structure,E02_verified_geometry,PETG prototype rho1.27,1.27,11.13790258107705,8770.002032344135,"[897.1866293567824, 1.3045918091981004e-12, 3.5897450014107526]","[848.0, -39.5, 1.5, 947.0, 39.5, 8.0]",existing,1
BeaconMount3,"M01 несущая кассета: электроника, питание, звуковые окна",mission,structure,E02_verified_geometry,PETG prototype rho1.27,1.27,35.92983412483529,28291.207972311247,"[995.7837431290762, -3.214760934432548e-16, -22.65328587422272]","[944.0, -33.0, -36.0, 1053.0, 33.0, -1.5]",existing,1
M01BatteryTray,M01 ложемент батареи: жёсткая защита без обжатия ячейки,mission,structure,E02_verified_geometry,PETG prototype rho1.27,1.27,8.144319500000003,6412.850000000003,"[980.9776113584434, 1.0287764880720002e-16, -13.268634460497278]","[947.0, -19.15, -16.0, 1016.0, 19.15, -5.5]",existing,1
M01BatteryCover,M01 защитная крышка батареи: зазор 1 мм,mission,structure,E02_verified_geometry,PETG prototype rho1.27,1.27,5.0343435,3964.05,"[981.5, 0.0, -3.75]","[947.0, -19.15, -4.5, 1016.0, 19.15, -3.0]",existing,1
M01ShelfSupport0,M01 продольная опора полки 1,mission,structure,E02_verified_geometry,PETG prototype rho1.27,1.27,4.73202,3726.0,"[981.5, -16.5, -25.0]","[947.0, -18.0, -34.0, 1016.0, -15.0, -16.0]",existing,1
M01ShelfSupport1,M01 продольная опора полки 2,mission,structure,E02_verified_geometry,PETG prototype rho1.27,1.27,4.73202,3726.0,"[981.5, 16.5, -25.0]","[947.0, 15.0, -34.0, 1016.0, 18.0, -16.0]",existing,1
M01BoardSupport0,M01 примерочная опора платы 1,mission,structure,E02_verified_geometry,PETG prototype rho1.27,1.27,0.38862,306.0,"[975.5, -10.5, -32.5]","[950.0, -11.5, -34.0, 1001.0, -9.5, -31.0]",existing,1
M01BoardSupport1,M01 примерочная опора платы 2,mission,structure,E02_verified_geometry,PETG prototype rho1.27,1.27,0.38862,306.0,"[975.5, 10.5, -32.5]","[950.0, 9.5, -34.0, 1001.0, 11.5, -31.0]",existing,1
M01Battery,M01 LiPo #258 · максимальный габарит TDS с PCM,mission,reference,E02_verified_geometry,Assembly: assigned mass; density N/A,,23.0,11655.706999999999,"[981.1499999999999, -3.552713678800501e-15, -8.15]","[950.0, -17.65, -10.8, 1012.3, 17.65, -5.500000000000001]",existing,1
M01Buzzer,M01 CMI-1295-85T · звуковой индикатор,mission,reference,E02_verified_geometry,Assembly: assigned mass; density N/A,,1.6,1130.9733552923285,"[1033.0, -1.5515111778872012e-16, -22.0]","[1027.0, -6.0, -27.0, 1039.0, 6.0, -17.0]",existing,1
M01BuzzerLead0,"M01 вывод индикатора: масса входит в 1,6 г",mission,reference,E02_verified_geometry,Assembly: assigned mass; density N/A,,0.0,1.2723450247039123,"[1033.0, -3.8000000000000003, -29.249999999999996]","[1032.7, -4.1, -31.5, 1033.3, -3.5, -27.0]",existing,1
M01BuzzerLead1,"M01 вывод индикатора: масса входит в 1,6 г",mission,reference,E02_verified_geometry,Assembly: assigned mass; density N/A,,0.0,1.272345024703912,"[1033.0, 3.8000000000000003, -29.250000000000004]","[1032.7, 3.5, -31.5, 1033.3, 4.1, -27.0]",existing,1
M01DriverHole1,"M01 плата ключа и диода · отверстия индикатора с шагом 7,6 мм",mission,reference,E02_verified_geometry,Assembly: assigned mass; density N/A,,4.0,636.8584073464102,"[1029.9852011407054, 3.207636645360528e-17, -28.000000000000004]","[1020.0, -8.0, -29.0, 1040.0, 8.0, -27.0]",existing,1
M01DriverSupport0,M01 опора платы ключа 1,mission,structure,E02_verified_geometry,PETG prototype rho1.27,1.27,0.025399999999999995,19.999999999999996,"[1022.0, -6.0, -31.5]","[1021.0, -7.0, -34.0, 1023.0, -5.0, -29.0]",existing,1
M01DriverSupport1,M01 опора платы ключа 2,mission,structure,E02_verified_geometry,PETG prototype rho1.27,1.27,0.025399999999999995,19.999999999999996,"[1022.0, 6.0, -31.5]","[1021.0, 5.0, -34.0, 1023.0, 7.0, -29.0]",existing,1
M01DriverSupport2,M01 опора платы ключа 3,mission,structure,E02_verified_geometry,PETG prototype rho1.27,1.27,0.025399999999999995,19.999999999999996,"[1038.0, -6.0, -31.5]","[1037.0, -7.0, -34.0, 1039.0, -5.0, -29.0]",existing,1
M01DriverSupport3,M01 опора платы ключа 4,mission,structure,E02_verified_geometry,PETG prototype rho1.27,1.27,0.025399999999999995,19.999999999999996,"[1038.0, 6.0, -31.5]","[1037.0, 5.0, -34.0, 1039.0, 7.0, -29.0]",existing,1
E02DeckHole3,E02 лоток с креплением автономной кассеты,avionics,structure,E02_verified_geometry,GFRP assumed rho1.85,1.85,92.96656679412408,50252.19826709409,"[945.349856797238, 3.483981519788205e-16, -2.4067588068938193e-18]","[825.0, -40.0, -1.5, 1065.0, 40.0, 1.5]",existing,1
M01Bolt0,M01 M3×10 · условный крепёж 1,mission,fastener,E02_verified_geometry,Nominal steel fastener rho7.85,7.85,1.0189146302943695,129.79804207571584,"[952.0, -28.999999999999996, -0.6764159163520235]","[949.2, -31.8, -8.5, 954.8, -26.2, 3.9]",existing,1
M01Nut0,M01 гайка M3 · габарит 1,mission,fastener,E02_verified_geometry,Nominal steel fastener rho7.85,7.85,0.4531551053262432,57.726765009712516,"[951.9999999999999, -29.0, -5.249999999999999]","[948.8, -32.2, -6.5, 955.2, -25.8, -4.0]",existing,1
M01Bolt1,M01 M3×10 · условный крепёж 2,mission,fastener,E02_verified_geometry,Nominal steel fastener rho7.85,7.85,1.0189146302943695,129.79804207571584,"[952.0, 28.999999999999996, -0.6764159163520235]","[949.2, 26.2, -8.5, 954.8, 31.8, 3.9]",existing,1
M01Nut1,M01 гайка M3 · габарит 2,mission,fastener,E02_verified_geometry,Nominal steel fastener rho7.85,7.85,0.4531551053262432,57.726765009712516,"[951.9999999999999, 29.0, -5.249999999999999]","[948.8, 25.8, -6.5, 955.2, 32.2, -4.0]",existing,1
M01Bolt2,M01 M3×10 · условный крепёж 3,mission,fastener,E02_verified_geometry,Nominal steel fastener rho7.85,7.85,1.0189146302943586,129.79804207571448,"[1047.9999999999998, -29.0, -0.6764159163520065]","[1045.2, -31.8, -8.5, 1050.8, -26.2, 3.9]",existing,1
M01Nut2,M01 гайка M3 · габарит 3,mission,fastener,E02_verified_geometry,Nominal steel fastener rho7.85,7.85,0.45315510532624326,57.72676500971252,"[1047.9999999999998, -28.999999999999993, -5.25]","[1044.8, -32.2, -6.5, 1051.2, -25.8, -4.0]",existing,1
M01Bolt3,M01 M3×10 · условный крепёж 4,mission,fastener,E02_verified_geometry,Nominal steel fastener rho7.85,7.85,1.0189146302943586,129.79804207571448,"[1047.9999999999998, 29.0, -0.6764159163520065]","[1045.2, 26.2, -8.5, 1050.8, 31.8, 3.9]",existing,1
M01Nut3,M01 гайка M3 · габарит 4,mission,fastener,E02_verified_geometry,Nominal steel fastener rho7.85,7.85,0.45315510532624326,57.72676500971252,"[1047.9999999999998, 28.999999999999993, -5.25]","[1044.8, 25.8, -6.5, 1051.2, 32.2, -4.0]",existing,1
RecoveryCarrier,E02 примерочная опора блока спасения: крепление к корпусу открыто,control,structure,E02_verified_geometry,PETG prototype rho1.27,1.27,22.372319999999995,17615.999999999996,"[1135.0, 3.5172188100749743e-15, -11.956403269754771]","[1091.0, -33.0, -15.0, 1179.0, 33.0, -3.0]",existing,1
BodyFix0_610_2,Корпус · секция payload,shell,structure,project_design,GFRP assumed rho1.85,1.85,265.95421693107517,143759.03617895953,"[454.85983492020836, -5.044538371820038e-06, -1.5910972288257385e-06]","[300.0, -50.0, -50.0, 609.8, 50.0, 50.00000000000007]",new,1
BodyFix1_815_2,Корпус · секция recovery,shell,structure,project_design,GFRP assumed rho1.85,1.85,175.5416748308845,94887.3918004781,"[712.5000004776778, -1.5533490286487955e-05, -4.084019088053033e-06]","[610.2, -50.0, -50.0, 814.8, 50.0, 50.00000000000004]",new,1
GuideBodyHole930,Корпус · секция avionics,shell,structure,project_design,GFRP assumed rho1.85,1.85,235.58187036588126,127341.551549125,"[952.5138803744632, -0.002649456421610585, -0.004562524540021416]","[815.2, -50.0, -50.0, 1089.8, 50.0, 50.000000000000064]",new,1
BodyFix3_1190_2,Корпус · секция control,shell,structure,project_design,GFRP assumed rho1.85,1.85,85.37659122396506,46149.50876971084,"[1140.0000009484825, -3.1938819627874006e-05, -8.397749210050305e-06]","[1090.2, -50.0, -50.0, 1189.8, 50.0, 50.00000000000002]",new,1
GuideBodyHole1450,Корпус · секция motor,shell,structure,project_design,GFRP assumed rho1.85,1.85,320.93181471380706,173476.65660205786,"[1379.3419409500696, -0.001940461327134142, -0.0033481405536658956]","[1190.2, -50.0, -50.0, 1570.0, 50.0, 50.000000000000085]",new,1
JointScrew610_596_0SocketCut,"Стык 610 · M3, условная длина",shell,fastener,project_design,Nominal steel fastener rho7.85,7.85,0.7136882311710413,90.91569823834922,"[596.0, 42.5704587474352, 24.57806581735757]","[593.2, 37.355117766515306, 20.70096189432334, 598.8, 46.606526077547706, 28.524871130596424]",general,1
JointNut610_596_0,"Стык 610 · закладная гайка, фиксация требует разработки",shell,fastener,project_design,Nominal steel fastener rho7.85,7.85,0.43502890111319353,55.41769440932402,"[596.0, 39.49075841257041, 22.799999999999994]","[592.8, 36.85152792802908, 19.428718707889793, 599.2, 42.12998889711174, 26.1712812921102]",general,1
JointScrew610_596_1SocketCut,"Стык 610 · M3, условная длина",shell,fastener,project_design,Nominal steel fastener rho7.85,7.85,0.7136882311710414,90.91569823834924,"[596.0, -42.57045874743521, 24.578065817357565]","[593.2, -46.606526077547706, 20.70096189432334, 598.8, -37.355117766515306, 28.524871130596424]",general,1
JointNut610_596_1,"Стык 610 · закладная гайка, фиксация требует разработки",shell,fastener,project_design,Nominal steel fastener rho7.85,7.85,0.43502890111319364,55.417694409324035,"[596.0, -39.4907584125704, 22.799999999999997]","[592.8, -42.12998889711174, 19.428718707889793, 599.2, -36.85152792802908, 26.1712812921102]",general,1
JointScrew610_596_2SocketCut,"Стык 610 · M3, условная длина",shell,fastener,project_design,Nominal steel fastener rho7.85,7.85,0.7136882311710413,90.91569823834922,"[596.0000000000001, -9.740524197330144e-15, -49.15613163471517]","[593.2, -2.800000000000009, -52.2, 598.8, 2.7999999999999905, -44.0]",general,1
JointNut610_596_2,"Стык 610 · закладная гайка, фиксация требует разработки",shell,fastener,project_design,Nominal steel fastener rho7.85,7.85,0.4350289011131935,55.417694409324014,"[595.9999999999999, -8.186751534628448e-15, -45.59999999999998]","[592.8, -3.2000000000000086, -46.8, 599.2, 3.199999999999992, -44.4]",general,1
JointScrew610_624_0SocketCut,"Стык 610 · M3, условная длина",shell,fastener,project_design,Nominal steel fastener rho7.85,7.85,0.7136882311710406,90.91569823834914,"[624.0000000000001, 42.57045874743521, 24.578065817357565]","[621.2, 37.355117766515306, 20.70096189432334, 626.8, 46.606526077547706, 28.524871130596424]",general,1
JointNut610_624_0,"Стык 610 · закладная гайка, фиксация требует разработки",shell,fastener,project_design,Nominal steel fastener rho7.85,7.85,0.43502890111319353,55.41769440932402,"[623.9999999999999, 39.49075841257041, 22.799999999999994]","[620.8, 36.85152792802908, 19.428718707889793, 627.2, 42.12998889711174, 26.1712812921102]",general,1
JointScrew610_624_1SocketCut,"Стык 610 · M3, условная длина",shell,fastener,project_design,Nominal steel fastener rho7.85,7.85,0.7136882311710406,90.91569823834914,"[623.9999999999997, -42.570458747435225, 24.57806581735756]","[621.2, -46.606526077547706, 20.70096189432334, 626.8, -37.355117766515306, 28.524871130596424]",general,1
JointNut610_624_1,"Стык 610 · закладная гайка, фиксация требует разработки",shell,fastener,project_design,Nominal steel fastener rho7.85,7.85,0.43502890111319364,55.417694409324035,"[623.9999999999998, -39.4907584125704, 22.799999999999997]","[620.8, -42.12998889711174, 19.428718707889793, 627.2, -36.85152792802908, 26.1712812921102]",general,1
JointScrew610_624_2SocketCut,"Стык 610 · M3, условная длина",shell,fastener,project_design,Nominal steel fastener rho7.85,7.85,0.7136882311710405,90.91569823834912,"[623.9999999999999, -8.482122349195155e-15, -49.15613163471518]","[621.2, -2.800000000000009, -52.2, 626.8, 2.7999999999999905, -44.0]",general,1
JointNut610_624_2,"Стык 610 · закладная гайка, фиксация требует разработки",shell,fastener,project_design,Nominal steel fastener rho7.85,7.85,0.4350289011131935,55.417694409324014,"[623.9999999999999, -8.186751534628448e-15, -45.59999999999998]","[620.8, -3.2000000000000086, -46.8, 627.2, 3.199999999999992, -44.4]",general,1
CouplerHole610_624_2,Стык X610 · внутренняя втулка 40 мм,shell,structure,project_design,GFRP assumed rho1.85,1.85,26.437130701259704,14290.34091959984,"[610.0000023587381, -7.707135584537164e-05, -2.0336035021923163e-05]","[590.0, -48.2, -48.2, 630.0, 48.2, 48.20000000000001]",new,1
JointGasket610,"Стык X610 · прокладка, кандидат",shell,reference,project_design,Assembly: assigned mass; density N/A,,0.3,185.6681258271533,"[609.9999999999985, -3.897562907649165e-14, 2.253308482281035e-13]","[609.8, -50.0, -50.0, 610.1999999999999, 50.0, 50.0]",general,1
JointScrew815_801_0SocketCut,"Стык 815 · M3, условная длина",shell,fastener,project_design,Nominal steel fastener rho7.85,7.85,0.713688231171041,90.91569823834918,"[800.9999999999998, 42.570458747435225, 24.578065817357565]","[798.2, 37.355117766515306, 20.70096189432334, 803.8, 46.606526077547706, 28.524871130596424]",general,1
JointNut815_801_0,"Стык 815 · закладная гайка, фиксация требует разработки",shell,fastener,project_design,Nominal steel fastener rho7.85,7.85,0.43502890111319353,55.41769440932402,"[800.9999999999999, 39.49075841257041, 22.799999999999994]","[797.8, 36.85152792802908, 19.428718707889793, 804.2, 42.12998889711174, 26.1712812921102]",general,1
JointScrew815_801_1SocketCut,"Стык 815 · M3, условная длина",shell,fastener,project_design,Nominal steel fastener rho7.85,7.85,0.713688231171041,90.91569823834918,"[800.9999999999999, -42.57045874743521, 24.57806581735757]","[798.2, -46.606526077547706, 20.70096189432334, 803.8, -37.355117766515306, 28.524871130596424]",general,1
JointNut815_801_1,"Стык 815 · закладная гайка, фиксация требует разработки",shell,fastener,project_design,Nominal steel fastener rho7.85,7.85,0.43502890111319364,55.417694409324035,"[800.9999999999999, -39.4907584125704, 22.799999999999997]","[797.8, -42.12998889711174, 19.428718707889793, 804.2, -36.85152792802908, 26.1712812921102]",general,1
JointScrew815_801_2SocketCut,"Стык 815 · M3, условная длина",shell,fastener,project_design,Nominal steel fastener rho7.85,7.85,0.713688231171041,90.91569823834918,"[801.0000000000002, -9.584216156028567e-15, -49.15613163471516]","[798.2, -2.800000000000009, -52.2, 803.8, 2.7999999999999905, -44.0]",general,1
JointNut815_801_2,"Стык 815 · закладная гайка, фиксация требует разработки",shell,fastener,project_design,Nominal steel fastener rho7.85,7.85,0.4350289011131935,55.417694409324014,"[800.9999999999999, -8.186751534628448e-15, -45.59999999999998]","[797.8, -3.2000000000000086, -46.8, 804.2, 3.199999999999992, -44.4]",general,1
JointScrew815_829_0SocketCut,"Стык 815 · M3, условная длина",shell,fastener,project_design,Nominal steel fastener rho7.85,7.85,0.713688231171041,90.91569823834918,"[828.9999999999998, 42.570458747435225, 24.578065817357565]","[826.2, 37.355117766515306, 20.70096189432334, 831.8, 46.606526077547706, 28.524871130596424]",general,1
JointNut815_829_0,"Стык 815 · закладная гайка, фиксация требует разработки",shell,fastener,project_design,Nominal steel fastener rho7.85,7.85,0.43502890111319353,55.41769440932402,"[829.0000000000001, 39.49075841257041, 22.799999999999994]","[825.8, 36.85152792802908, 19.428718707889793, 832.2, 42.12998889711174, 26.1712812921102]",general,1
JointScrew815_829_1SocketCut,"Стык 815 · M3, условная длина",shell,fastener,project_design,Nominal steel fastener rho7.85,7.85,0.713688231171041,90.91569823834918,"[828.9999999999998, -42.57045874743521, 24.578065817357565]","[826.2, -46.606526077547706, 20.70096189432334, 831.8, -37.355117766515306, 28.524871130596424]",general,1
JointNut815_829_1,"Стык 815 · закладная гайка, фиксация требует разработки",shell,fastener,project_design,Nominal steel fastener rho7.85,7.85,0.43502890111319364,55.417694409324035,"[828.9999999999999, -39.4907584125704, 22.799999999999997]","[825.8, -42.12998889711174, 19.428718707889793, 832.2, -36.85152792802908, 26.1712812921102]",general,1
JointScrew815_829_2SocketCut,"Стык 815 · M3, условная длина",shell,fastener,project_design,Nominal steel fastener rho7.85,7.85,0.713688231171041,90.91569823834918,"[829.0000000000001, -8.678117979108461e-15, -49.15613163471516]","[826.2, -2.800000000000009, -52.2, 831.8, 2.7999999999999905, -44.0]",general,1
JointNut815_829_2,"Стык 815 · закладная гайка, фиксация требует разработки",shell,fastener,project_design,Nominal steel fastener rho7.85,7.85,0.4350289011131935,55.417694409324014,"[828.9999999999997, -8.174478661056912e-15, -45.59999999999998]","[825.8, -3.2000000000000086, -46.8, 832.2, 3.199999999999992, -44.4]",general,1
CouplerHole815_829_2,Стык X815 · внутренняя втулка 40 мм,shell,structure,project_design,GFRP assumed rho1.85,1.85,26.43713070122939,14290.340919583454,"[815.0000023587401, -7.707135585412778e-05, -2.033603788134488e-05]","[795.0, -48.2, -48.2, 835.0, 48.2, 48.20000000000001]",new,1
JointGasket815,"Стык X815 · прокладка, кандидат",shell,reference,project_design,Assembly: assigned mass; density N/A,,0.3,185.6681258271533,"[815.0000000000005, -3.897562907649165e-14, 2.253308482281035e-13]","[814.8, -50.0, -50.0, 815.1999999999999, 50.0, 50.0]",general,1
JointScrew1090_1076_0SocketCut,"Стык 1090 · M3, условная длина",shell,fastener,project_design,Nominal steel fastener rho7.85,7.85,0.7136882311710344,90.91569823834834,"[1075.9999999999998, 42.5704587474352, 24.57806581735757]","[1073.2, 37.355117766515306, 20.70096189432334, 1078.8, 46.606526077547706, 28.524871130596424]",general,1
JointNut1090_1076_0,"Стык 1090 · закладная гайка, фиксация требует разработки",shell,fastener,project_design,Nominal steel fastener rho7.85,7.85,0.4350289011131936,55.41769440932403,"[1075.9999999999998, 39.490758412570415, 22.799999999999997]","[1072.8, 36.85152792802908, 19.428718707889793, 1079.2, 42.12998889711174, 26.1712812921102]",general,1
JointScrew1090_1076_1SocketCut,"Стык 1090 · M3, условная длина",shell,fastener,project_design,Nominal steel fastener rho7.85,7.85,0.7136882311710344,90.91569823834833,"[1076.0, -42.57045874743524, 24.578065817357576]","[1073.2, -46.606526077547706, 20.70096189432334, 1078.8, -37.355117766515306, 28.524871130596424]",general,1
JointNut1090_1076_1,"Стык 1090 · закладная гайка, фиксация требует разработки",shell,fastener,project_design,Nominal steel fastener rho7.85,7.85,0.43502890111319364,55.417694409324035,"[1076.0, -39.4907584125704, 22.799999999999997]","[1072.8, -42.12998889711174, 19.428718707889793, 1079.2, -36.85152792802908, 26.1712812921102]",general,1
JointScrew1090_1076_2SocketCut,"Стык 1090 · M3, условная длина",shell,fastener,project_design,Nominal steel fastener rho7.85,7.85,0.7136882311710342,90.9156982383483,"[1076.0000000000005, -9.484386606213e-15, -49.156131634715194]","[1073.2, -2.800000000000009, -52.2, 1078.8, 2.7999999999999905, -44.0]",general,1
JointNut1090_1076_2,"Стык 1090 · закладная гайка, фиксация требует разработки",shell,fastener,project_design,Nominal steel fastener rho7.85,7.85,0.4350289011131935,55.417694409324014,"[1076.0000000000002, -8.126036212969264e-15, -45.6]","[1072.8, -3.2000000000000086, -46.8, 1079.2, 3.199999999999992, -44.4]",general,1
JointScrew1090_1104_0SocketCut,"Стык 1090 · M3, условная длина",shell,fastener,project_design,Nominal steel fastener rho7.85,7.85,0.7136882311710344,90.91569823834834,"[1104.0000000000002, 42.5704587474352, 24.57806581735757]","[1101.2, 37.355117766515306, 20.70096189432334, 1106.8, 46.606526077547706, 28.524871130596424]",general,1
JointNut1090_1104_0,"Стык 1090 · закладная гайка, фиксация требует разработки",shell,fastener,project_design,Nominal steel fastener rho7.85,7.85,0.4350289011131936,55.41769440932403,"[1104.0, 39.490758412570415, 22.799999999999997]","[1100.8, 36.85152792802908, 19.428718707889793, 1107.2, 42.12998889711174, 26.1712812921102]",general,1
JointScrew1090_1104_1SocketCut,"Стык 1090 · M3, условная длина",shell,fastener,project_design,Nominal steel fastener rho7.85,7.85,0.7136882311710344,90.91569823834833,"[1103.9999999999993, -42.57045874743524, 24.57806581735757]","[1101.2, -46.606526077547706, 20.70096189432334, 1106.8, -37.355117766515306, 28.524871130596424]",general,1
JointNut1090_1104_1,"Стык 1090 · закладная гайка, фиксация требует разработки",shell,fastener,project_design,Nominal steel fastener rho7.85,7.85,0.43502890111319364,55.417694409324035,"[1103.9999999999998, -39.4907584125704, 22.799999999999997]","[1100.8, -42.12998889711174, 19.428718707889793, 1107.2, -36.85152792802908, 26.1712812921102]",general,1
JointScrew1090_1104_2SocketCut,"Стык 1090 · M3, условная длина",shell,fastener,project_design,Nominal steel fastener rho7.85,7.85,0.7136882311710341,90.91569823834828,"[1104.0000000000005, -7.916421566906496e-15, -49.1561316347152]","[1101.2, -2.800000000000009, -52.2, 1106.8, 2.7999999999999905, -44.0]",general,1
JointNut1090_1104_2,"Стык 1090 · закладная гайка, фиксация требует разработки",shell,fastener,project_design,Nominal steel fastener rho7.85,7.85,0.4350289011131935,55.417694409324014,"[1104.0, -8.126036212969264e-15, -45.6]","[1100.8, -3.2000000000000086, -46.8, 1107.2, 3.199999999999992, -44.4]",general,1
CouplerHole1090_1104_2,Стык X1090 · внутренняя втулка 40 мм,shell,structure,project_design,GFRP assumed rho1.85,1.85,26.437130705074146,14290.3409216617,"[1090.0000023583937, -7.707306769861658e-05, -2.033517561091446e-05]","[1070.0, -48.2, -48.2, 1110.0, 48.2, 48.20000000000001]",new,1
JointGasket1090,"Стык X1090 · прокладка, кандидат",shell,reference,project_design,Assembly: assigned mass; density N/A,,0.3,185.66812582717102,"[1089.9999999999993, -4.7932555271772204e-14, -9.699023467208746e-13]","[1089.8, -50.0, -50.0, 1090.2, 50.0, 50.0]",general,1
JointScrew1190_1176_0SocketCut,"Стык 1190 · M3, условная длина",shell,fastener,project_design,Nominal steel fastener rho7.85,7.85,0.7136882311710343,90.91569823834831,"[1176.0000000000002, 42.57045874743523, 24.578065817357572]","[1173.2, 37.355117766515306, 20.70096189432334, 1178.8, 46.606526077547706, 28.524871130596424]",general,1
JointNut1190_1176_0,"Стык 1190 · закладная гайка, фиксация требует разработки",shell,fastener,project_design,Nominal steel fastener rho7.85,7.85,0.4350289011131936,55.41769440932403,"[1176.0, 39.490758412570415, 22.799999999999997]","[1172.8, 36.85152792802908, 19.428718707889793, 1179.2, 42.12998889711174, 26.1712812921102]",general,1
JointScrew1190_1176_1SocketCut,"Стык 1190 · M3, условная длина",shell,fastener,project_design,Nominal steel fastener rho7.85,7.85,0.7136882311710337,90.91569823834824,"[1175.9999999999995, -42.570458747435225, 24.57806581735757]","[1173.2, -46.606526077547706, 20.70096189432334, 1178.8, -37.355117766515306, 28.524871130596424]",general,1
JointNut1190_1176_1,"Стык 1190 · закладная гайка, фиксация требует разработки",shell,fastener,project_design,Nominal steel fastener rho7.85,7.85,0.43502890111319364,55.417694409324035,"[1176.0, -39.4907584125704, 22.799999999999997]","[1172.8, -42.12998889711174, 19.428718707889793, 1179.2, -36.85152792802908, 26.1712812921102]",general,1
JointScrew1190_1176_2SocketCut,"Стык 1190 · M3, условная длина",shell,fastener,project_design,Nominal steel fastener rho7.85,7.85,0.7136882311710336,90.91569823834823,"[1176.0000000000005, -7.552211619108086e-15, -49.15613163471518]","[1173.2, -2.800000000000009, -52.2, 1178.8, 2.7999999999999905, -44.0]",general,1
JointNut1190_1176_2,"Стык 1190 · закладная гайка, фиксация требует разработки",shell,fastener,project_design,Nominal steel fastener rho7.85,7.85,0.4350289011131935,55.417694409324014,"[1176.0000000000002, -8.126036212969264e-15, -45.6]","[1172.8, -3.2000000000000086, -46.8, 1179.2, 3.199999999999992, -44.4]",general,1
JointScrew1190_1204_0SocketCut,"Стык 1190 · M3, условная длина",shell,fastener,project_design,Nominal steel fastener rho7.85,7.85,0.7136882311710344,90.91569823834833,"[1204.0, 42.57045874743521, 24.578065817357576]","[1201.2, 37.355117766515306, 20.70096189432334, 1206.8, 46.606526077547706, 28.524871130596424]",general,1
JointNut1190_1204_0,"Стык 1190 · закладная гайка, фиксация требует разработки",shell,fastener,project_design,Nominal steel fastener rho7.85,7.85,0.4350289011131936,55.41769440932403,"[1204.0, 39.490758412570415, 22.799999999999997]","[1200.8, 36.85152792802908, 19.428718707889793, 1207.2, 42.12998889711174, 26.1712812921102]",general,1
JointScrew1190_1204_1SocketCut,"Стык 1190 · M3, условная длина",shell,fastener,project_design,Nominal steel fastener rho7.85,7.85,0.7136882311710344,90.91569823834834,"[1203.9999999999995, -42.57045874743522, 24.57806581735757]","[1201.2, -46.606526077547706, 20.70096189432334, 1206.8, -37.355117766515306, 28.524871130596424]",general,1
JointNut1190_1204_1,"Стык 1190 · закладная гайка, фиксация требует разработки",shell,fastener,project_design,Nominal steel fastener rho7.85,7.85,0.43502890111319364,55.417694409324035,"[1204.0000000000002, -39.4907584125704, 22.799999999999997]","[1200.8, -42.12998889711174, 19.428718707889793, 1207.2, -36.85152792802908, 26.1712812921102]",general,1
JointScrew1190_1204_2SocketCut,"Стык 1190 · M3, условная длина",shell,fastener,project_design,Nominal steel fastener rho7.85,7.85,0.7136882311710344,90.91569823834833,"[1204.0000000000005, -9.718543379022204e-15, -49.15613163471518]","[1201.2, -2.800000000000009, -52.2, 1206.8, 2.7999999999999905, -44.0]",general,1
JointNut1190_1204_2,"Стык 1190 · закладная гайка, фиксация требует разработки",shell,fastener,project_design,Nominal steel fastener rho7.85,7.85,0.4350289011131935,55.417694409324014,"[1204.0, -8.126036212969264e-15, -45.6]","[1200.8, -3.2000000000000086, -46.8, 1207.2, 3.199999999999992, -44.4]",general,1
CouplerHole1190_1204_2,Стык X1190 · внутренняя втулка 40 мм,shell,structure,project_design,GFRP assumed rho1.85,1.85,26.43713070507404,14290.340921661642,"[1190.000002358385, -7.707306773845806e-05, -2.0335175590548457e-05]","[1170.0, -48.2, -48.2, 1210.0, 48.2, 48.20000000000001]",new,1
JointGasket1190,"Стык X1190 · прокладка, кандидат",shell,reference,project_design,Assembly: assigned mass; density N/A,,0.3,185.66812582717102,"[1189.9999999999977, -4.7932555271772204e-14, -9.699023467208746e-13]","[1189.8, -50.0, -50.0, 1190.2, 50.0, 50.0]",general,1
ServiceRing0,"Кольцо съёмного лотка Ø93,6 · 1",avionics,structure,project_design,GFRP assumed rho1.85,1.85,33.659538911756236,18194.34535770607,"[821.9999999999998, -4.820528521983374e-15, 1.3596672703448467e-14]","[819.0, -46.8, -46.8, 825.0, 46.8, 46.8]",new,1
ServiceRing1,"Кольцо съёмного лотка Ø93,6 · 2",avionics,structure,project_design,GFRP assumed rho1.85,1.85,33.659538911756236,18194.34535770607,"[1067.9999999999995, -4.820528521983374e-15, 1.3596672703448467e-14]","[1065.0, -46.8, -46.8, 1071.0, 46.8, 46.8]",new,1
NoseShellD01,Обтекатель · полая оболочка,nose,structure,project_design,PETG prototype rho1.27,1.27,87.10481107706167,68586.46541500918,"[201.48477275069584, -1.2711137949707933e-14, 1.0863047908710825e-13]","[0.0, -49.99999999999999, -49.99999999999993, 300.0, 49.99999999999999, 50.00000000000006]",new,1
NoseShoulderD01,Обтекатель · отдельная посадочная юбка,nose,structure,project_design,PETG prototype rho1.27,1.27,25.557806568730776,20124.257140732894,"[322.49999999999966, -5.0651140133750786e-14, -1.2726616750531609e-13]","[300.0, -48.2, -48.2, 345.0, 48.2, 48.20000000000001]",new,1
NoseBulkhead,Обтекатель · переборка под интерфейс возврата,nose,structure,project_design,GFRP assumed rho1.85,1.85,37.499085068027135,20269.7757124471,"[338.49999999999994, -5.173812819033341e-16, -2.3780835011590658e-15]","[337.0, -46.5, -46.5, 340.0, 46.5, 46.5]",new,1
NoseEye,"Обтекатель · рым, условная геометрия крепежа",nose,fastener,project_design,Nominal steel fastener rho7.85,7.85,2.871127393896417,365.74871259826966,"[349.1828444458323, 5.021964431564103e-09, 4.697354236368505e-07]","[335.0, -9.200333702485349, -1.5, 360.20033370248535, 9.200333702485349, 1.5]",general,1
NoseEyeWasher,Обтекатель · шайба рымового узла,nose,fastener,project_design,Nominal steel fastener rho7.85,7.85,0.8165423421688107,104.01813276035806,"[336.49999999999994, -2.1194219540675354e-16, 9.221783431606693e-16]","[336.0, -6.0, -6.0, 337.0, 6.0, 6.0]",general,1
PayloadBody,"Макет · оболочка Ø84, общий размер 220 мм",payload,structure,project_design,PETG prototype rho1.27,1.27,141.3354782641712,111287.77816076472,"[474.9999999999998, -1.0272773396787674e-14, 1.1297606049018604e-13]","[367.0, -42.0, -42.0, 583.0, 42.0, 42.00000000000005]",payload,1
PayloadCapHoleFront3,Макет · съёмная торцевая крышка Front,payload,structure,project_design,PETG prototype rho1.27,1.27,14.030131622809202,11047.347734495435,"[365.9999999999999, -1.7314391568335582e-15, 2.5781045431919444e-15]","[365.0, -42.0, -42.0, 367.0, 42.0, 42.0]",payload,1
PayloadCapHoleRear3,Макет · съёмная торцевая крышка Rear,payload,structure,project_design,PETG prototype rho1.27,1.27,14.030131622809202,11047.347734495435,"[583.9999999999998, -1.7314391568335582e-15, 2.5781045431919444e-15]","[583.0, -42.0, -42.0, 585.0, 42.0, 42.0]",payload,1
PayloadRailBore0R,Макет · монтажная стойка 1,payload,structure,project_design,PETG prototype rho1.27,1.27,5.340297847420621,4204.958934976867,"[475.2237762237762, 36.0, 2.412658325101699e-14]","[367.0, 33.5, -2.5, 583.0, 38.5, 2.500000000000048]",payload,1
PayloadScrewF0,"Макет · винт M2, габарит",payload,fastener,project_design,Nominal steel fastener rho7.85,7.85,0.09864600932271944,12.566370614359165,"[367.0, 36.0, 5.389273210257629e-16]","[365.0, 35.0, -1.0, 369.0, 37.0, 1.0000000000000009]",payload,1
PayloadScrewR0,"Макет · винт M2, габарит",payload,fastener,project_design,Nominal steel fastener rho7.85,7.85,0.09864600932271944,12.566370614359165,"[583.0, 36.0, 5.389273210257629e-16]","[581.0, 35.0, -1.0, 585.0, 37.0, 1.0000000000000009]",payload,1
PayloadRailBore1R,Макет · монтажная стойка 2,payload,structure,project_design,PETG prototype rho1.27,1.27,5.340297847420621,4204.958934976867,"[475.22377622377616, 2.2187471818132695e-15, 36.00000000000002]","[367.0, -2.499999999999998, 33.5, 583.0, 2.500000000000002, 38.50000000000005]",payload,1
PayloadScrewF1,"Макет · винт M2, габарит",payload,fastener,project_design,Nominal steel fastener rho7.85,7.85,0.09864600932271952,12.566370614359174,"[366.99999999999994, 2.192023349688218e-15, 36.0]","[365.0, -0.9999999999999978, 35.0, 369.0, 1.0000000000000022, 37.0]",payload,1
PayloadScrewR1,"Макет · винт M2, габарит",payload,fastener,project_design,Nominal steel fastener rho7.85,7.85,0.09864600932271952,12.566370614359174,"[583.0, 2.192023349688218e-15, 36.0]","[581.0, -0.9999999999999978, 35.0, 585.0, 1.0000000000000022, 37.0]",payload,1
PayloadRailBore2R,Макет · монтажная стойка 3,payload,structure,project_design,PETG prototype rho1.27,1.27,5.340297847420621,4204.958934976867,"[475.22377622377616, -36.0, 2.892553943765995e-14]","[367.0, -38.5, -2.4999999999999956, 583.0, -33.5, 2.5000000000000524]",payload,1
PayloadScrewF2,"Макет · винт M2, габарит",payload,fastener,project_design,Nominal steel fastener rho7.85,7.85,0.09864600932271944,12.566370614359165,"[367.0, -36.0, 4.912316301495529e-15]","[365.0, -37.0, -0.9999999999999956, 369.0, -35.0, 1.0000000000000053]",payload,1
PayloadScrewR2,"Макет · винт M2, габарит",payload,fastener,project_design,Nominal steel fastener rho7.85,7.85,0.09864600932271944,12.566370614359165,"[583.0, -36.0, 4.912316301495529e-15]","[581.0, -37.0, -0.9999999999999956, 585.0, -35.0, 1.0000000000000053]",payload,1
PayloadRailBore3R,Макет · монтажная стойка 4,payload,structure,project_design,PETG prototype rho1.27,1.27,5.340297847420621,4204.958934976867,"[475.22377622377616, -6.6297598097891035e-15, -35.999999999999964]","[367.0, -2.5000000000000067, -38.5, 583.0, 2.4999999999999933, -33.49999999999995]",payload,1
PayloadScrewF3,"Макет · винт M2, габарит",payload,fastener,project_design,Nominal steel fastener rho7.85,7.85,0.09864600932271952,12.566370614359174,"[366.99999999999994, -6.625433604172725e-15, -36.0]","[365.0, -1.0000000000000067, -37.0, 369.0, 0.9999999999999933, -35.0]",payload,1
PayloadScrewR3,"Макет · винт M2, габарит",payload,fastener,project_design,Nominal steel fastener rho7.85,7.85,0.09864600932271952,12.566370614359174,"[583.0, -6.625433604172725e-15, -36.0]","[581.0, -1.0000000000000067, -37.0, 585.0, 0.9999999999999933, -35.0]",payload,1
PayloadCore,"Макет · объём собственной системы и балансировки, не разработан",payload,reference,project_design,Assembly: assigned mass; density N/A,,1308.4538990259462,566190.3944005668,"[474.99999999999994, -1.0800453628083183e-15, 1.85050454194241e-14]","[387.0, -32.0, -32.0, 563.0, 32.0, 32.00000000000004]",payload_residual,1
PayloadSeat,Макет · опорное кольцо внутри втулки стыка,payload,structure,project_design,GFRP assumed rho1.85,1.85,44.9928344095814,24320.45103220616,"[603.0000000000001, -2.187828129968265e-15, -1.2265983956731732e-14]","[600.0, -46.8, -46.8, 606.0, 46.8, 46.8]",new,1
PayloadGuide0,Макет · радиальный направляющий башмак 1,payload,structure,project_design,PETG prototype rho1.27,1.27,0.5334,420.0,"[577.0, 43.95, -8.881784197001252e-16]","[571.0, 42.2, -5.0, 583.0, 45.7, 5.0]",new,1
PayloadGuide1,Макет · радиальный направляющий башмак 2,payload,structure,project_design,PETG prototype rho1.27,1.27,0.5334,420.0,"[577.0, -21.97499999999999, 38.06181649632609]","[571.0, -27.180127018922185, 34.04627203970332, 583.0, -16.769872981077796, 42.07736095294885]",new,1
PayloadGuide2,Макет · радиальный направляющий башмак 3,payload,structure,project_design,PETG prototype rho1.27,1.27,0.5334000000000003,420.0000000000003,"[576.9999999999999, -21.975000000000016, -38.061816496326074]","[570.9999999999999, -27.18012701892221, -42.07736095294885, 582.9999999999999, -16.76987298107782, -34.046272039703304]",new,1
RecoveryBag,Спасение · оболочка укладочного мешка,recovery,reference,project_design,Assembly: assigned mass; density N/A,,35,60101.43206470809,"[715.0000000000005, -8.375669060161057e-15, -7.747923324129546e-15]","[621.0, -43.0, -43.0, 809.0, 43.0, 43.00000000000004]",recovery,1
RecoveryBagEnd0,Спасение · торцевая ткань 1,recovery,reference,project_design,Assembly: assigned mass; density N/A,,5,5808.804816487527,"[620.5, -1.263971975266361e-15, 2.192004418650849e-15]","[620.0, -43.0, -43.0, 621.0, 43.0, 43.0]",recovery,1
RecoveryBagEnd1,Спасение · торцевая ткань 2,recovery,reference,project_design,Assembly: assigned mass; density N/A,,5,5808.804816487527,"[809.5000000000001, -1.263971975266361e-15, 2.192004418650849e-15]","[809.0, -43.0, -43.0, 810.0, 43.0, 43.0]",recovery,1
CanopyFold0,Спасение · складка купола 1 (условная укладка),recovery,reference,project_design,Assembly: assigned mass; density N/A,,28.75,107067.83382883033,"[715.0000000000001, 9.867668472344233, -24.423336509769655]","[630.0, 0.0, -40.5, 800.0, 28.133664003589388, 3.774758283725532e-14]",recovery,1
CanopyFold1,Спасение · складка купола 2 (условная укладка),recovery,reference,project_design,Assembly: assigned mass; density N/A,,28.75,107067.83382883033,"[715.0000000000001, 24.24740215655441, -10.292411573963797]","[630.0, -4.003735769944034e-14, -28.63782463805517, 800.0, 40.493831653833844, 4.003735769944034e-14]",recovery,1
CanopyFold2,Спасение · складка купола 3 (условная укладка),recovery,reference,project_design,Assembly: assigned mass; density N/A,,28.75,107067.83382883033,"[715.0000000000001, 24.42333650976966, 9.86766847234423]","[630.0, -3.774758283725532e-14, -8.992806499463768e-15, 800.0, 40.5, 28.133664003589384]",recovery,1
CanopyFold3,Спасение · складка купола 4 (условная укладка),recovery,reference,project_design,Assembly: assigned mass; density N/A,,28.75,107067.83382883033,"[715.0000000000001, 10.292411573963808, 24.247402156554415]","[630.0, -2.6691571804038525e-14, -2.6691571804038525e-14, 800.0, 28.637824638055175, 40.493831653833844]",recovery,1
CanopyFold4,Спасение · складка купола 5 (условная укладка),recovery,reference,project_design,Assembly: assigned mass; density N/A,,28.75,107067.83382883033,"[715.0000000000001, -9.86766847234423, 24.42333650976966]","[630.0, -28.133664003589384, -3.774758283725532e-14, 800.0, 4.959819541211693e-15, 40.5]",recovery,1
CanopyFold5,Спасение · складка купола 6 (условная укладка),recovery,reference,project_design,Assembly: assigned mass; density N/A,,28.75,107067.83382883042,"[715.0, -24.24740215655443, 10.292411573963818]","[630.0, -40.49383165383386, 0.0, 800.0, 0.0, 28.637824638055182]",recovery,1
CanopyFold6,Спасение · складка купола 7 (условная укладка),recovery,reference,project_design,Assembly: assigned mass; density N/A,,28.75,107067.83382883033,"[715.0000000000001, -24.42333650976966, -9.86766847234423]","[630.0, -40.5, -28.133664003589384, 800.0, 3.774758283725532e-14, 8.992806499463768e-15]",recovery,1
CanopyFold7,Спасение · складка купола 8 (условная укладка),recovery,reference,project_design,Assembly: assigned mass; density N/A,,28.75,107067.83382883033,"[715.0000000000001, -10.292411573963804, -24.247402156554422]","[630.0, -28.637824638055182, -40.49383165383385, 800.0, 3.3364464751739434e-14, 2.0018678848218123e-14]",recovery,1
PackingBand0,Спасение · лента укладки 1,recovery,reference,project_design,Assembly: assigned mass; density N/A,,4,1652.729063200506,"[652.0000000000027, -7.527400476953162e-15, 1.5848603376246548e-13]","[648.0, -41.5, -41.5, 656.0, 41.5, 41.5]",recovery,1
PackingBand1,Спасение · лента укладки 2,recovery,reference,project_design,Assembly: assigned mass; density N/A,,4,1652.729063200506,"[782.0000000000016, -7.527400476953162e-15, 1.5848603376246548e-13]","[778.0, -41.5, -41.5, 786.0, 41.5, 41.5]",recovery,1
MainCablePort,Основной борт · корпус концептуального блока,avionics,structure,project_design,PETG prototype rho1.27,1.27,23.2156,18279.999999999996,"[897.296498905908, 1.265994360158997e-15, 11.004376367614881]","[850.0, -32.0, 8.0, 945.0, 32.0, 20.0]",main,1
MainLidD01,Основной борт · съёмная крышка,avionics,structure,project_design,PETG prototype rho1.27,1.27,9.265919999999998,7295.999999999998,"[897.5, 0.0, 20.6]","[850.0, -32.0, 20.0, 945.0, 32.0, 21.2]",main,1
MainPCBPost0,Основной борт · опора платы 1,avionics,structure,project_design,PETG prototype rho1.27,1.27,0.04987278337573796,39.26990816987241,"[858.0, -25.0, 11.0]","[855.5, -27.5, 10.0, 860.5, -22.5, 12.0]",main,1
MainPCBPost1,Основной борт · опора платы 2,avionics,structure,project_design,PETG prototype rho1.27,1.27,0.04987278337573796,39.26990816987241,"[858.0, 25.0, 11.0]","[855.5, 22.5, 10.0, 860.5, 27.5, 12.0]",main,1
MainPCBPost2,Основной борт · опора платы 3,avionics,structure,project_design,PETG prototype rho1.27,1.27,0.04987278337573796,39.26990816987241,"[936.0, -25.0, 11.0]","[933.5, -27.5, 10.0, 938.5, -22.5, 12.0]",main,1
MainPCBPost3,Основной борт · опора платы 4,avionics,structure,project_design,PETG prototype rho1.27,1.27,0.04987278337573796,39.26990816987241,"[936.0, 25.0, 11.0]","[933.5, 22.5, 10.0, 938.5, 27.5, 12.0]",main,1
MainPCBMount3,"Основной борт · проектная плата размещения, не PCB для производства",avionics,structure,project_design,GFRP assumed rho1.85,1.85,15.172022239216524,8201.093102279203,"[897.5035426312684, 3.6042241490229406e-16, 12.799999999999997]","[853.0, -29.0, 12.0, 942.0, 29.0, 13.6]",main,1
MainLayoutMCU,"MCU · место на проектной плате, компонент не выбран",avionics,reference,project_design,Assembly: assigned mass; density N/A,,1,313.59999999999997,"[873.0000000000001, 0.0, 14.399999999999999]","[866.0, -7.0, 13.6, 880.0, 7.0, 15.2]",main,1
MainLayoutIMU,"IMU · место на проектной плате, компонент не выбран",avionics,reference,project_design,Assembly: assigned mass; density N/A,,1,27.5,"[888.5, -17.5, 14.15]","[886.0, -20.0, 13.6, 891.0, -15.0, 14.7]",main,1
MainLayoutBarometer,"Barometer · место на проектной плате, компонент не выбран",avionics,reference,project_design,Assembly: assigned mass; density N/A,,1,37.49999999999999,"[888.5, 16.5, 14.35]","[886.0, 14.0, 13.6, 891.0, 19.0, 15.1]",main,1
MainLayoutStorage,"Storage · место на проектной плате, компонент не выбран",avionics,reference,project_design,Assembly: assigned mass; density N/A,,1,336.0,"[905.0, 0.0, 14.599999999999998]","[898.0, -6.0, 13.6, 912.0, 6.0, 15.6]",main,1
MainLayoutRadio,"Radio · место на проектной плате, компонент не выбран",avionics,reference,project_design,Assembly: assigned mass; density N/A,,1,595.0000000000002,"[926.5, -1.0, 14.85]","[918.0, -8.0, 13.6, 935.0, 6.0, 16.1]",main,1
MainPowerSocket,Основной борт · габарит силового соединителя,avionics,reference,project_design,Assembly: assigned mass; density N/A,,2,191.99999999999997,"[945.0, 0.0, 16.0]","[941.0, -3.0, 14.0, 949.0, 3.0, 18.0]",main,1
RecoveryControlCase,"Блок спасения · корпус, отдельная подсистема",control,structure,project_design,PETG prototype rho1.27,1.27,27.39136000000002,21568.000000000015,"[1135.0, -3.8057259289227895e-15, -4.341246290801181]","[1095.0, -30.0, -12.0, 1175.0, 30.0, 12.0]",control,1
RecoveryControlLid,Блок спасения · крышка,control,structure,project_design,PETG prototype rho1.27,1.27,7.315199999999999,5759.999999999999,"[1135.0, -7.105427357601002e-15, 12.6]","[1095.0, -30.0, 12.0, 1175.0, 30.0, 13.2]",control,1
RecoveryControlPCB,"Блок спасения · проектная плата, исполнительная схема не выпущена",control,structure,project_design,GFRP assumed rho1.85,1.85,10.36,5600.0,"[1135.0, 0.0, -6.2]","[1100.0, -25.0, -7.0, 1170.0, 25.0, -5.4]",control,1
RecoveryLayout0,Блок спасения · зарезервированное место компонента,control,reference,project_design,Assembly: assigned mass; density N/A,,2,672.0,"[1114.0, 0.0, -3.900000000000001]","[1106.0, -7.0, -5.4, 1122.0, 7.0, -2.4000000000000004]",control,1
RecoveryLayout1,Блок спасения · зарезервированное место компонента,control,reference,project_design,Assembly: assigned mass; density N/A,,2,672.0,"[1138.0, 0.0, -3.900000000000001]","[1130.0, -7.0, -5.4, 1146.0, 7.0, -2.4000000000000004]",control,1
MotorMountD01,Моторный отсек · монтажная труба,motor,structure,project_design,GFRP assumed rho1.85,1.85,196.6762664853356,106311.49539747869,"[1382.4999999999986, -9.988441138280719e-15, 2.1900796596206237e-14]","[1195.0, -29.0, -29.0, 1570.0, 29.0, 29.00000000000008]",new,1
MotorRingLight02,Моторный отсек · кольцо с технологическими отверстиями 1,motor,structure,project_design,GFRP assumed rho1.85,1.85,45.17381842076206,24418.28022743895,"[1214.9999999999993, -2.4210204430699453e-15, 5.810449063367869e-15]","[1212.0, -46.8, -46.8, 1218.0, 46.8, 46.8]",new,1
MotorRingLight12,Моторный отсек · кольцо с технологическими отверстиями 2,motor,structure,project_design,GFRP assumed rho1.85,1.85,50.14826335234594,27107.169379646453,"[1548.0000000000002, -1.4427279967343453e-15, 8.85767886367133e-15]","[1545.0, -48.3, -48.3, 1551.0, 48.3, 48.3]",new,1
MotorReferenceD01,K535W · только паспортный габарит покупного двигателя,motor,reference,A04_manufacturer_envelope,Assembly: assigned mass; density N/A,,1264,819899.1339191713,"[1391.0, 1.1421108937220431e-15, 3.847857731510851e-14]","[1212.0, -27.0, -27.0, 1570.0, 27.0, 27.000000000000078]",motor,1
AftInterfacePlate,"Хвост · ответная плита, удержание конкретного двигателя уточнить",motor,structure,project_design,GFRP assumed rho1.85,1.85,25.91105195908929,14005.974031940155,"[1565.5000000000005, -4.0515670370502205e-15, -2.8571927083935515e-15]","[1564.0, -48.3, -48.3, 1567.0, 48.3, 48.3]",new,1
FinDetailed1,Стабилизатор 1 · сквозной корень и наружное перо,motor,structure,project_design,GFRP assumed rho1.85,1.85,109.30170000000001,59082.0,"[1435.3061846247588, 86.93489049118175, -6.157507882420556e-17]","[1330.0, 29.2, -1.5, 1530.0, 160.0, 1.5]",new,1
FinDetailed2,Стабилизатор 2 · сквозной корень и наружное перо,motor,structure,project_design,GFRP assumed rho1.85,1.85,109.30170000000037,59082.00000000019,"[1435.3061846247588, -43.467445245590845, 75.28782364058165]","[1330.0, -81.29903810567663, 24.537941790505613, 1530.0, -13.300961894323335, 139.31406460551023]",new,1
FinDetailed3,Стабилизатор 3 · сквозной корень и наружное перо,motor,structure,project_design,GFRP assumed rho1.85,1.85,109.30170000000028,59082.00000000015,"[1435.3061846247592, -43.46744524559094, -75.28782364058162]","[1330.0000000000002, -81.29903810567679, -139.31406460551017, 1530.0000000000002, -13.30096189432335, -24.5379417905056]",new,1
GuideFootBore0,Направляющая · площадка по кривизне корпуса 1,guide,structure,project_design,PETG prototype rho1.27,1.27,0.5758356672534735,453.41391122320744,"[929.9999955894494, 25.716275431092168, 44.54190078407348]","[923.0, 18.691609762482056, 39.374817783869325, 937.0, 32.56217782649108, 49.39934640057525]",new,1
GuideSpoolBore0,"Направляющая · ползун, проектный габарит под примерку 1",guide,structure,project_design,PETG prototype rho1.27,1.27,0.2670388313070507,210.26679630476434,"[930.0, 28.00000000000001, 48.49742261192857]","[925.5, 22.602885682970033, 43.64934640057525, 934.5, 33.39711431702998, 53.34549882328188]",new,1
GuideBolt0,"Направляющая · крепёж M3, габарит 1",guide,fastener,project_design,Nominal steel fastener rho7.85,7.85,0.6658605629283578,84.82300164692457,"[930.0, 26.250000000000007, 45.46633369868303]","[928.5, 21.950961894323346, 39.5201812759764, 931.5, 30.549038105676665, 51.41248612138966]",general,1
GuideFootBore1,Направляющая · площадка по кривизне корпуса 2,guide,structure,project_design,PETG prototype rho1.27,1.27,0.5758356673506367,453.41391129971396,"[1449.9999955898088, 25.716275431125297, 44.54190078383461]","[1443.0, 18.691609762482056, 39.374817783869325, 1457.0, 32.56217782649108, 49.39934640057525]",new,1
GuideSpoolBore1,"Направляющая · ползун, проектный габарит под примерку 2",guide,structure,project_design,PETG prototype rho1.27,1.27,0.2670388313070505,210.26679630476414,"[1450.0, 28.00000000000001, 48.497422611928556]","[1445.5, 22.602885682970033, 43.64934640057525, 1454.5, 33.39711431702998, 53.34549882328188]",new,1
GuideBolt1,"Направляющая · крепёж M3, габарит 2",guide,fastener,project_design,Nominal steel fastener rho7.85,7.85,0.6658605629283461,84.82300164692306,"[1450.0, 26.250000000000007, 45.46633369868303]","[1448.5, 21.950961894323346, 39.5201812759764, 1451.5, 30.549038105676665, 51.41248612138966]",general,1
PowerCableSocket1,Основная батарея · габарит разъёма,guide,reference,project_design,Assembly: assigned mass; density N/A,,2,86.00447678594483,"[974.9786913312968, 21.83509812947363, 22.054127678748273]","[972.0, 20.0, 19.05700966641711, 978.0, 25.414485500374333, 24.0]",general,1
MainHarness0,Провод питания · трассировка +,guide,reference,routing_concept,Assembly: assigned mass; density N/A,,2,71.58462221902846,"[960.7673697220359, 14.119329760827007, 23.10838256889631]","[949.0, -2.65, 15.35, 973.65, 24.65, 28.65]",general,1
MainHarness1,Провод питания · трассировка −,guide,reference,routing_concept,Assembly: assigned mass; density N/A,,2,78.50143876054439,"[962.4641659809128, 18.747306361852015, 23.477578524596474]","[949.0, 1.35, 15.35, 977.65, 28.65, 28.65]",general,1
M01FeatherManufacturer,"M01 · Feather RP2040, CAD изготовителя Adafruit",mission,manufacturer_reference,Adafruit MIT STEP pinned commit,Assembly: assigned mass; density N/A,,10,2152.674696199319,"[975.6083988892763, 0.32902184178331384, -29.783225428531768]","[950.0, -11.43, -31.0, 1001.9459999999999, 11.43, -24.63]",existing,58
main_remaining,Остаток бюджета main,,unmodelled_allowance,project_assumption,Assigned budget remainder,,125.14696662728052,,"[897.5, 0, 14]",,,
control_remaining,Остаток бюджета control,,unmodelled_allowance,project_assumption,Assigned budget remainder,,100.93343999999999,,"[1135, 0, 0]",,,
recovery_remaining,Остаток бюджета recovery,,unmodelled_allowance,project_assumption,Assigned budget remainder,,17.0,,"[715, 0, 0]",,,
general_remaining,"Нераспределённый крепёж, клей, кабели",,unmodelled_allowance,project_assumption,Assigned budget remainder,,62.54656113580922,,"[950, 0, 0]",,,
search_electronics_remaining,Остаток электроники M01,,unmodelled_allowance,project_assumption,Assigned budget remainder,,64.4,,"[975, 0, -20]",,,
search_power_remaining,Остаток питания M01,,unmodelled_allowance,project_assumption,Assigned budget remainder,,17,,"[981.15, 0, -8.15]",,,
