id,mass_kg,cg_x_m,apogee_m,max_q_Pa,max_mach,rail_exit_speed_m_s,min_stability_air_speed_ge20_cal,max_aoa_air_speed_ge20_deg,apogee_displacement_m
reference,5.78709179643776,0.9403246373777481,1514.2943124117746,26480.301774433647,0.6217650875246351,29.338446715231875,2.362318747403168,0.01577425823752192,1.4995925599335804
rail2_wind6,5.78709179643776,0.9403246373777481,1483.6194720878013,26562.18209845792,0.6226199039446347,21.06735359911305,1.2956641814797298,15.878842159284664,274.6291673169077
site500,5.78709179643776,0.9403246373777481,1546.564269218185,25458.761275749148,0.6283598187829292,29.34053868028175,2.3623355680618916,0.01583497625645171,1.5588311720451213
temperature0,5.78709179643776,0.9403246373777481,1480.8178392994923,27539.41211635061,0.6347652490784946,29.33653727511971,2.36239770286606,0.014809536618233707,1.4403167331356663
temperature35,5.78709179643776,0.9403246373777481,1556.6897941626248,25186.59447676174,0.6050152174707359,29.34069481294177,2.3622227972678798,0.01703014424981109,1.564992641929463
surface_smooth,5.78709179643776,0.9403246373777481,1585.6434992734546,27012.15758456239,0.6281000911358009,29.340517348163882,2.362318948349192,0.01677301352183348,1.6356190905722898
surface_rough,5.78709179643776,0.9403246373777481,1356.8911696887296,25144.872556449318,0.6056381404823453,29.32820660795633,2.3623177538467086,0.011923616524071751,1.2187716948673057
reserve150,5.937091796437761,0.9405690843971135,1486.655179901881,25243.518387959422,0.6068202776388095,28.908191085867983,2.3588470810608575,0.014428787188522892,1.4717514179753215
reserve300,6.08709179643776,0.9408014839382639,1458.4438881990957,24077.21695352336,0.5923925768618199,28.51437106109724,2.3555915996227226,0.015575407301540382,1.4525899369897894
payload1000,5.28709179643776,0.984330364466813,1600.4593502599919,31161.72249034971,0.6755586557775617,31.032076825563934,1.9183774767620065,0.016781545095587023,1.534047167252007
avionics100,5.70709179643776,0.940924938040926,1528.7559560920292,27169.99088448647,0.6299583882133397,29.792300893514806,2.357350538634416,0.014858842900080882,1.5121314454787043
wind_gradient,5.78709179643776,0.9403246373777481,1504.8263433136865,26528.10723541069,0.6223035071643077,29.33238149279618,1.8567511453334473,5.883781326034709,118.81200384415096
wind_turn,5.78709179643776,0.9403246373777481,1505.6751056781557,26522.055717221672,0.622232690599168,29.332391364361072,1.8576294462308118,5.871411716696164,125.59079787808811
combined,6.08709179643776,0.9408014839382639,1285.75869183261,23036.670470034416,0.5791258420750256,20.3116788309934,1.2668089901839752,16.439195765277454,239.69694044520784
e01_fit,5.839030673084492,0.940236172829869,1504.7966563765738,26043.760783315178,0.6165315623527565,29.05047777037579,2.3624965222286542,0.014280988441042348,1.487327080389685
