name,label,kind,material,material_density_g_cm3,mass_g,volume_mm3,cg_mm,bbox_mm
GuideRail0,E01 боковая опора 1,structure,GFRP assumed rho1.85,1.85,14.208,7680.0,"[945.0, -42.0, 0.0]","[825.0, -44.0, -4.0, 1065.0, -40.0, 4.0]"
GuideRail1,E01 боковая опора 2,structure,GFRP assumed rho1.85,1.85,14.208,7680.0,"[945.0, 42.0, 0.0]","[825.0, 40.0, -4.0, 1065.0, 44.0, 4.0]"
LoggerMount3,Кассета самописца: открытые каналы давления,structure,PETG fit prototype; rho1.27; no allowable strength,1.27,30.902539124835304,24332.707972311262,"[891.9999999999987, 1.1671694404358386e-15, -9.044120661550563]","[845.5, -39.5, -25.0, 938.5, 39.5, -1.5]"
LoggerLidWindow1,Решётчатая крышка самописца: фиксация двумя лентами,structure,PETG fit prototype; rho1.27; no allowable strength,1.27,6.4389,5070.0,"[892.0, 1.3592020342896148e-16, -26.0]","[845.5, -19.5, -27.0, 938.5, 19.5, -25.0]"
BatteryStrapSlot3,"Держатель основной батареи: бортики, вывод провода, две ленты",structure,PETG fit prototype; rho1.27; no allowable strength,1.27,19.795754124835284,15587.207972311247,"[1005.304352133393, 1.8671612330080583e-15, 3.899019120795394]","[965.0, -39.5, 1.5, 1045.0, 39.5, 10.0]"
LoggerBolt0,Logger M3×10: условный крепёж 1,fastener,Nominal fastener steel rho7.85,7.85,1.01891463029437,129.7980420757159,"[856.0, -35.5, 1.3235840836479766]","[853.2, -38.29912970960228, -6.5, 858.8, -32.70087029039772, 5.9]"
LoggerNut0,Logger гайка M3: цилиндрический габарит 1,fastener,Nominal fastener steel rho7.85,7.85,0.4531551053262432,57.726765009712516,"[856.0, -35.50000000000001, -5.249999999999999]","[852.8, -38.69900538240261, -6.5, 859.2, -32.30099461759739, -4.0]"
LoggerBolt1,Logger M3×10: условный крепёж 2,fastener,Nominal fastener steel rho7.85,7.85,1.01891463029437,129.7980420757159,"[856.0, 35.5, 1.3235840836479766]","[853.2, 32.70087029039772, -6.5, 858.8, 38.29912970960228, 5.9]"
LoggerNut1,Logger гайка M3: цилиндрический габарит 2,fastener,Nominal fastener steel rho7.85,7.85,0.4531551053262432,57.726765009712516,"[856.0, 35.50000000000001, -5.249999999999999]","[852.8, 32.30099461759739, -6.5, 859.2, 38.69900538240261, -4.0]"
LoggerBolt2,Logger M3×10: условный крепёж 3,fastener,Nominal fastener steel rho7.85,7.85,1.01891463029437,129.7980420757159,"[927.9999999999999, -35.5, 1.3235840836479766]","[925.2, -38.29912970960228, -6.5, 930.8, -32.70087029039772, 5.9]"
LoggerNut2,Logger гайка M3: цилиндрический габарит 3,fastener,Nominal fastener steel rho7.85,7.85,0.4531551053262432,57.726765009712516,"[928.0, -35.50000000000001, -5.249999999999999]","[924.8, -38.69900538240261, -6.5, 931.2, -32.30099461759739, -4.0]"
LoggerBolt3,Logger M3×10: условный крепёж 4,fastener,Nominal fastener steel rho7.85,7.85,1.01891463029437,129.7980420757159,"[927.9999999999999, 35.5, 1.3235840836479766]","[925.2, 32.70087029039772, -6.5, 930.8, 38.29912970960228, 5.9]"
LoggerNut3,Logger гайка M3: цилиндрический габарит 4,fastener,Nominal fastener steel rho7.85,7.85,0.4531551053262432,57.726765009712516,"[928.0, 35.50000000000001, -5.249999999999999]","[924.8, 32.30099461759739, -6.5, 931.2, 38.69900538240261, -4.0]"
BatteryBolt0,Battery M3×10: условный крепёж 1,fastener,Nominal fastener steel rho7.85,7.85,1.01891463029437,129.7980420757159,"[973.9999999999999, -35.5, 1.823584083647976]","[971.2, -38.29912970960228, -6.0, 976.8, -32.70087029039772, 6.4]"
BatteryNut0,Battery гайка M3: цилиндрический габарит 1,fastener,Nominal fastener steel rho7.85,7.85,0.4531551053262432,57.726765009712516,"[974.0000000000001, -35.50000000000001, -2.7500000000000004]","[970.8, -38.69900538240261, -4.0, 977.2, -32.30099461759739, -1.5]"
BatteryBolt1,Battery M3×10: условный крепёж 2,fastener,Nominal fastener steel rho7.85,7.85,1.01891463029437,129.7980420757159,"[973.9999999999999, 35.5, 1.823584083647976]","[971.2, 32.70087029039772, -6.0, 976.8, 38.29912970960228, 6.4]"
BatteryNut1,Battery гайка M3: цилиндрический габарит 2,fastener,Nominal fastener steel rho7.85,7.85,0.4531551053262432,57.726765009712516,"[974.0000000000001, 35.50000000000001, -2.7500000000000004]","[970.8, 32.30099461759739, -4.0, 977.2, 38.69900538240261, -1.5]"
BatteryBolt2,Battery M3×10: условный крепёж 3,fastener,Nominal fastener steel rho7.85,7.85,1.018914630294359,129.79804207571453,"[1036.0, -35.49999999999999, 1.8235840836479933]","[1033.2, -38.29912970960228, -6.0, 1038.8, -32.70087029039772, 6.4]"
BatteryNut2,Battery гайка M3: цилиндрический габарит 3,fastener,Nominal fastener steel rho7.85,7.85,0.45315510532624326,57.72676500971252,"[1036.0, -35.5, -2.7499999999999996]","[1032.8, -38.69900538240261, -4.0, 1039.2, -32.30099461759739, -1.5]"
BatteryBolt3,Battery M3×10: условный крепёж 4,fastener,Nominal fastener steel rho7.85,7.85,1.018914630294359,129.79804207571453,"[1036.0, 35.49999999999999, 1.8235840836479933]","[1033.2, 32.70087029039772, -6.0, 1038.8, 38.29912970960228, 6.4]"
BatteryNut3,Battery гайка M3: цилиндрический габарит 4,fastener,Nominal fastener steel rho7.85,7.85,0.45315510532624326,57.72676500971252,"[1036.0, 35.5, -2.7499999999999996]","[1032.8, 32.30099461759739, -4.0, 1039.2, 38.69900538240261, -1.5]"
MainAvionics,Основной борт · габарит A04,reference,Assigned assembly envelope,,180,72960.0,"[897.5, 0.0, 14.0]","[850.0, -32.0, 8.0, 945.0, 32.0, 20.0]"
Logger,Самописец организатора · габарит A04,reference,Assigned assembly envelope,,30,45360.0,"[892.0, 0.0, -14.5]","[850.0, -15.0, -23.5, 934.0, 15.0, -5.5]"
MainPower,Основное питание · габарит A04,reference,Assigned assembly envelope,,100,61600.0,"[1005.0, 0.0, 16.0]","[970.0, -20.0, 5.0, 1040.0, 20.0, 27.0]"
AvionicsRing0,Опорное кольцо электроники 1 · габарит A04,reference,Assigned assembly envelope,,38.63398384334011,20883.234509913567,"[821.9999999999999, -4.223343556395031e-15, 1.602692581427238e-14]","[819.0, -48.28498749063943, -48.3, 825.0, 48.28498749063942, 48.3]"
AvionicsRing1,Опорное кольцо электроники 2 · габарит A04,reference,Assigned assembly envelope,,38.63398384334011,20883.234509913567,"[1068.0, -4.223343556395031e-15, 1.602692581427238e-14]","[1065.0, -48.28498749063943, -48.3, 1071.0, 48.28498749063942, 48.3]"
MainHeadClearance3,E02 опора основного блока: общий крепёж с кассетой самописца,structure,PETG prototype rho1.27; no strength allowables,1.27,11.137902581077048,8770.002032344133,"[897.186629356783, 1.3096173958294223e-12, 3.589745001410754]","[848.0, -39.5, 1.5, 947.0, 39.5, 8.0]"
BeaconMount3,"M01 несущая кассета: электроника, питание, звуковые окна",structure,PETG prototype rho1.27; no strength allowables,1.27,35.92983412483529,28291.207972311247,"[995.7837431290762, -3.214760934432548e-16, -22.65328587422272]","[944.0, -33.0, -36.0, 1053.0, 33.0, -1.5]"
M01BatteryTray,M01 ложемент батареи: жёсткая защита без обжатия ячейки,structure,PETG prototype rho1.27; no strength allowables,1.27,8.144319500000003,6412.850000000003,"[980.9776113584434, 1.0287764880720002e-16, -13.268634460497278]","[947.0, -19.15, -16.0, 1016.0, 19.15, -5.5]"
M01BatteryCover,M01 защитная крышка батареи: зазор 1 мм,structure,PETG prototype rho1.27; no strength allowables,1.27,5.0343435,3964.05,"[981.5, 0.0, -3.75]","[947.0, -19.15, -4.5, 1016.0, 19.15, -3.0]"
M01ShelfSupport0,M01 продольная опора полки 1,structure,PETG prototype rho1.27; no strength allowables,1.27,4.73202,3726.0,"[981.5, -16.5, -25.0]","[947.0, -18.0, -34.0, 1016.0, -15.0, -16.0]"
M01ShelfSupport1,M01 продольная опора полки 2,structure,PETG prototype rho1.27; no strength allowables,1.27,4.73202,3726.0,"[981.5, 16.5, -25.0]","[947.0, 15.0, -34.0, 1016.0, 18.0, -16.0]"
M01Controller,M01 Feather RP2040 #4884 · контрольный габарит,reference,Assigned component envelope,,10.0,8797.5,"[975.5, 0.0, -27.25]","[950.0, -11.5, -31.0, 1001.0, 11.5, -23.5]"
M01BoardSupport0,M01 примерочная опора платы 1,structure,PETG prototype rho1.27; no strength allowables,1.27,0.38862,306.0,"[975.5, -10.5, -32.5]","[950.0, -11.5, -34.0, 1001.0, -9.5, -31.0]"
M01BoardSupport1,M01 примерочная опора платы 2,structure,PETG prototype rho1.27; no strength allowables,1.27,0.38862,306.0,"[975.5, 10.5, -32.5]","[950.0, 9.5, -34.0, 1001.0, 11.5, -31.0]"
M01Battery,M01 LiPo #258 · максимальный габарит TDS с PCM,reference,Assigned component envelope,,23.0,11655.706999999999,"[981.15, -3.552713678800501e-15, -8.15]","[950.0, -17.65, -10.8, 1012.3, 17.65, -5.500000000000001]"
M01Buzzer,M01 CMI-1295-85T · звуковой индикатор,reference,Assigned component envelope,,1.6,1130.9733552923287,"[1033.0, 2.463352046382743e-16, -22.0]","[1027.0, -5.998135092004899, -27.0, 1039.0, 5.9981350920048975, -17.0]"
M01BuzzerLead0,"M01 вывод индикатора: масса входит в 1,6 г",reference,Assigned component envelope,,0.0,1.2723450247039123,"[1033.0, -3.8, -29.25]","[1032.7, -4.0994924474813805, -31.5, 1033.3, -3.5005075525186196, -27.0]"
M01BuzzerLead1,"M01 вывод индикатора: масса входит в 1,6 г",reference,Assigned component envelope,,0.0,1.272345024703912,"[1033.0, 3.8, -29.25]","[1032.7, 3.500507552518619, -31.5, 1033.3, 4.0994924474813805, -27.0]"
M01DriverHole1,"M01 плата ключа и диода · отверстия индикатора с шагом 7,6 мм",reference,Assigned component envelope,,4.0,636.8584073464102,"[1029.9852011407054, 3.207636645360528e-17, -28.000000000000004]","[1020.0, -8.0, -29.0, 1040.0, 8.0, -27.0]"
M01DriverSupport0,M01 опора платы ключа 1,structure,PETG prototype rho1.27; no strength allowables,1.27,0.025399999999999995,19.999999999999996,"[1022.0, -6.0, -31.5]","[1021.0, -7.0, -34.0, 1023.0, -5.0, -29.0]"
M01DriverSupport1,M01 опора платы ключа 2,structure,PETG prototype rho1.27; no strength allowables,1.27,0.025399999999999995,19.999999999999996,"[1022.0, 6.0, -31.5]","[1021.0, 5.0, -34.0, 1023.0, 7.0, -29.0]"
M01DriverSupport2,M01 опора платы ключа 3,structure,PETG prototype rho1.27; no strength allowables,1.27,0.025399999999999995,19.999999999999996,"[1038.0, -6.0, -31.5]","[1037.0, -7.0, -34.0, 1039.0, -5.0, -29.0]"
M01DriverSupport3,M01 опора платы ключа 4,structure,PETG prototype rho1.27; no strength allowables,1.27,0.025399999999999995,19.999999999999996,"[1038.0, 6.0, -31.5]","[1037.0, 5.0, -34.0, 1039.0, 7.0, -29.0]"
E02DeckHole3,E02 лоток с креплением автономной кассеты,structure,GFRP assumed rho1.85,1.85,92.96656679412408,50252.19826709409,"[945.349856797238, 3.483981519788205e-16, -2.4067588068938193e-18]","[825.0, -40.0, -1.5, 1065.0, 40.0, 1.5]"
M01Bolt0,M01 M3×10 · условный крепёж 1,fastener,Nominal fastener steel rho7.85,7.85,1.0189146302943695,129.79804207571584,"[952.0, -28.999999999999996, -0.6764159163520235]","[949.2, -31.799129709602287, -8.5, 954.8, -26.200870290397717, 3.9]"
M01Nut0,M01 гайка M3 · габарит 1,fastener,Nominal fastener steel rho7.85,7.85,0.4531551053262432,57.726765009712516,"[951.9999999999999, -29.0, -5.249999999999999]","[948.8, -32.19900538240261, -6.5, 955.2, -25.80099461759739, -4.0]"
M01Bolt1,M01 M3×10 · условный крепёж 2,fastener,Nominal fastener steel rho7.85,7.85,1.0189146302943695,129.79804207571584,"[952.0, 28.999999999999996, -0.6764159163520235]","[949.2, 26.200870290397713, -8.5, 954.8, 31.799129709602283, 3.9]"
M01Nut1,M01 гайка M3 · габарит 2,fastener,Nominal fastener steel rho7.85,7.85,0.4531551053262432,57.726765009712516,"[951.9999999999999, 29.0, -5.249999999999999]","[948.8, 25.800994617597386, -6.5, 955.2, 32.19900538240261, -4.0]"
M01Bolt2,M01 M3×10 · условный крепёж 3,fastener,Nominal fastener steel rho7.85,7.85,1.0189146302943586,129.79804207571448,"[1047.9999999999998, -29.0, -0.6764159163520065]","[1045.2, -31.799129709602287, -8.5, 1050.8, -26.200870290397717, 3.9]"
M01Nut2,M01 гайка M3 · габарит 3,fastener,Nominal fastener steel rho7.85,7.85,0.45315510532624326,57.72676500971252,"[1047.9999999999998, -28.999999999999993, -5.25]","[1044.8, -32.19900538240261, -6.5, 1051.2, -25.80099461759739, -4.0]"
M01Bolt3,M01 M3×10 · условный крепёж 4,fastener,Nominal fastener steel rho7.85,7.85,1.0189146302943586,129.79804207571448,"[1047.9999999999998, 29.0, -0.6764159163520065]","[1045.2, 26.200870290397713, -8.5, 1050.8, 31.799129709602283, 3.9]"
M01Nut3,M01 гайка M3 · габарит 4,fastener,Nominal fastener steel rho7.85,7.85,0.45315510532624326,57.72676500971252,"[1047.9999999999998, 28.999999999999993, -5.25]","[1044.8, 25.800994617597386, -6.5, 1051.2, 32.19900538240261, -4.0]"
RecoveryControllerEnvelope,Блок управления спасением с питанием · прежний габарит A04,reference,Assigned component envelope,,150.0,115200.0,"[1135.0, 0.0, -1.7763568394002505e-15]","[1095.0, -30.0, -12.0, 1175.0, 30.0, 12.0]"
RecoveryCarrier,E02 примерочная опора блока спасения: крепление к корпусу открыто,structure,PETG prototype rho1.27; no strength allowables,1.27,22.372319999999995,17615.999999999996,"[1135.0, 3.5172188100749743e-15, -11.956403269754771]","[1091.0, -33.0, -15.0, 1179.0, 33.0, -3.0]"
